lemma[key],pos[key],acceptance,anger,anticipation,disgust,fear,guilt,interest,joy,sadness,shame,surprise
abandon,n,0,0,0,0,0,0,0,1,0,0,0
abandonment,n,0,0,0,0,0,0,0,0,1,0,0
abase,v,0,0,0,0,0.333333333,0,0,0,0.333333333,0.333333333,0
abasement,n,0,0,0,0,0.333333333,0,0,0,0.333333333,0.333333333,0
abash,v,0,0,0,0,0,0,0,0,0.5,0.5,0
abashment,n,0,0,0,0,0,0,0,0,0.5,0.5,0
abhor,v,0,0.5,0,0.5,0,0,0,0,0,0,0
abhorrence,n,0,0.5,0,0.5,0,0,0,0,0,0,0
abhorrent,a,0,0.5,0,0.5,0,0,0,0,0,0,0
abjection,n,0,0,0,0,0,0,0,0,0.5,0.5,0
abjure,v,0,0,0,0,0,0,0,0,1,0,0
abominate,v,0,0.5,0,0.5,0,0,0,0,0,0,0
abomination,n,0,0.5,0,0.5,0,0,0,0,0,0,0
abusive,a,0,0,0,0,0,0,0,0,1,0,0
accept,v,1,0,0,0,0,0,0,0,0,0,0
acceptance,n,1,0,0,0,0,0,0,0,0,0,0
ache,v,0,0,0,0,0,0,0,0,1,0,0
acrimonious,a,0,1,0,0,0,0,0,0,0,0,0
acrimony,n,0,1,0,0,0,0,0,0,0,0,0
actuate,v,0,0,0,0,0,0,0,1,0,0,0
acuteness,n,0,0,0,0,1,0,0,0,0,0,0
adamantine,a,0,0,0,0,0,0,0,1,0,0,0
admiration,n,0,0,0,0,0,0,0,0.5,0,0,0.5
admire,v,0,0,0,0,0,0,0,0.5,0,0,0.5
adoration,n,0,0,0,0,0,0,0,1,0,0,0
adore,v,0,0,0,0,0,0,0,1,0,0,0
adulation,n,0,0,0,0,0,0,0,1,0,0,0
affection,n,0,0,0,0,0,0,0,1,0,0,0
affectionate,a,0,0,0,0,0,0,0,0.5,0.5,0,0
affinity,n,0,0,0,0,0,0,0,1,0,0,0
affirmative,a,0,0,0,0,0,0,0,1,0,0,0
affranchise,v,0,0,0,0,0,0,0,1,0,0,0
affright,n,0,0,0,0,1,0,0,0,0,0,0
affright,v,0,0,0,0,1,0,0,0,0,0,0
affront,n,0,1,0,0,0,0,0,0,0,0,0
affront,v,0,0.5,0,0,0,0,0,0,0.5,0,0
aflutter,a,0,0,0,0,1,0,0,0,0,0,0
afraid,a,0,0,0,0,1,0,0,0,0,0,0
agape,n,0,0,0,0,0,0,0,1,0,0,0
aggravate,v,0,1,0,0,0,0,0,0,0,0,0
aggravation,n,0,1,0,0,0,0,0,0,0,0,0
aggressive,a,0,1,0,0,0,0,0,0,0,0,0
aggressiveness,n,0,1,0,0,0,0,0,0,0,0,0
agitation,n,0,1,0,0,0,0,0,0,0,0,0
agonal,a,0,0,0,0,0,0,0,0,1,0,0
agonise,v,0,0,0,0,0,0,0,0,1,0,0
agonistic,a,0,1,0,0,0,0,0,0,0,0,0
agonistical,a,0,1,0,0,0,0,0,0,0,0,0
agonize,v,0,0,0,0,0,0,0,0,1,0,0
agony,n,0,0,0,0,0,0,0,0,1,0,0
agoraphobia,n,0,0,0,0,1,0,0,0,0,0,0
agoraphobic,a,0,0,0,0,1,0,0,0,0,0,0
agree,v,0,0,0,0,0,0,0,1,0,0,0
agromania,n,0,0,0,0,0,0,0,1,0,0,0
ail,v,0,0,0,0,0,0,0,0,1,0,0
alarm,n,0,0,0,0,1,0,0,0,0,0,0
alarm,v,0,0,0,0.5,0.5,0,0,0,0,0,0
alien,v,0,0,0,0,0,0,0,0,1,0,0
alienate,v,0,0,0,0,0,0,0,0,1,0,0
alienated,a,0,0,0,0,0,0,0,0,1,0,0
alienation,n,0,0,0,0,0,0,0,0,1,0,0
aloofness,n,0,0,0,0,0,0,0,0,1,0,0
amative,a,0,0,0,0,0,0,0,1,0,0,0
amatory,a,0,0,0,0,0,0,0,1,0,0,0
amaze,v,0,0,0,0,0,0,0,0,0,0,1
amazement,n,0,0,0,0,0,0,0,0,0,0,1
ambivalence,n,1,0,0,0,0,0,0,0,0,0,0
ambivalent,a,1,0,0,0,0,0,0,0,0,0,0
amiable,a,0,0,0,0,0,0,0,1,0,0,0
amicability,n,0,0,0,0,0,0,0,1,0,0,0
amicableness,n,0,0,0,0,0,0,0,1,0,0,0
amorous,a,0,0,0,0,0,0,0,1,0,0,0
amorousness,n,0,0,0,0,0,0,0,1,0,0,0
amour,n,0,0,0,0,0,0,0,1,0,0,0
amuse,v,0,0,0,0,0,0,0,1,0,0,0
amusement,n,0,0,0,0,0,0,0,1,0,0,0
amusing,a,0,0,0,0,0,0,0,1,0,0,0
anger,n,0,1,0,0,0,0,0,0,0,0,0
anger,v,0,1,0,0,0,0,0,0,0,0,0
angered,a,0,1,0,0,0,0,0,0,0,0,0
anglophilia,n,0,0,0,0,0,0,0,1,0,0,0
anglophilic,a,0,0,0,0,0,0,0,1,0,0,0
angriness,n,0,1,0,0,0,0,0,0,0,0,0
angry,a,0,1,0,0,0,0,0,0,0,0,0
anguish,n,0,0,0,0,0.5,0,0,0,0.5,0,0
anguish,v,0,0,0,0,0.5,0,0,0,0.5,0,0
animosity,n,0,1,0,0,0,0,0,0,0,0,0
annoy,v,0,1,0,0,0,0,0,0,0,0,0
annoyance,n,0,1,0,0,0,0,0,0,0,0,0
anomic,a,0,0,0,0,0,0,0,0,1,0,0
anomie,n,0,0,0,0,0,0,0,0,1,0,0
anomy,n,0,0,0,0,0,0,0,0,1,0,0
antagonise,v,0,1,0,0,0,0,0,0,0,0,0
antagonism,n,0,1,0,0,0,0,0,0,0,0,0
antagonistic,a,0,0.5,0,0.5,0,0,0,0,0,0,0
antagonize,v,0,1,0,0,0,0,0,0,0,0,0
anticipant,a,0,0,1,0,0,0,0,0,0,0,0
anticipate,v,0,0,0,0,1,0,0,0,0,0,0
anticipated,a,0,0,1,0,0,0,0,0,0,0,0
anticipation,n,0,0,1,0,0,0,0,0,0,0,0
anticipative,a,0,0,1,0,0,0,0,0,0,0,0
antipathetic,a,0,0.5,0,0.5,0,0,0,0,0,0,0
antipathetical,a,0,0.5,0,0.5,0,0,0,0,0,0,0
antipathy,n,0,0.5,0,0.5,0,0,0,0,0,0,0
anxiety,n,0,0,0,0,1,0,0,0,0,0,0
anxious,a,0,0,0,0,1,0,0,0,0,0,0
anxiously,r,0,0,0,0,1,0,0,0,0,0,0
anxiousness,n,0,0,0.5,0,0.5,0,0,0,0,0,0
apathetic,a,1,0,0,0,0,0,0,0,0,0,0
apathy,n,1,0,0,0,0,0,0,0,0,0,0
aplomb,n,1,0,0,0,0,0,0,0,0,0,0
apocalypse,n,0,0,0,0,0,0,0,0,1,0,0
apocalyptic,a,0,0,0,0,0,0,0,0,1,0,0
apocalyptical,a,0,0,0,0,0,0,0,0,1,0,0
apologetic,a,0,0,0,0,0,0.5,0,0,0,0.5,0
apophatism,n,0,0,0.5,0,0,0,0,0.5,0,0,0
appal,v,0,0.2,0,0.2,0.2,0,0,0,0.2,0,0.2
appall,v,0,0.2,0,0.2,0.2,0,0,0,0.2,0,0.2
appalled,a,0,0,0,1,0,0,0,0,0,0,0
appreciation,n,0,0,0,0,0,0,0,1,0,0,0
appreciative,a,0,0,0,0,0,0,0,1,0,0,0
appreciativeness,n,0,0,0,0,0,0,0,1,0,0,0
apprehend,v,0,0,0,0,1,0,0,0,0,0,0
apprehension,n,0,0,0,0,1,0,0,0,0,0,0
apprehensive,a,0,0,0,0,1,0,0,0,0,0,0
apprehensiveness,n,0,0,0,0,1,0,0,0,0,0,0
approbate,v,0,0,0,0,0,0,0,1,0,0,0
approval,n,0,0,0,0,0,0,0,1,0,0,0
approve,v,0,0,0,0,0,0,0,1,0,0,0
ardent,a,0,0,0,0,0,0,0,1,0,0,0
ardor,n,0,0,0,0,0,0,0,1,0,0,0
ardour,n,0,0,0,0,0,0,0,1,0,0,0
argus-eyed,a,0,0,1,0,0,0,0,0,0,0,0
arousal,n,0,0,0,0,0,0,0,1,0,0,0
arouse,v,0,0,0,0,0,0,0,1,0,0,0
arrogant,a,0,0,0,0,0,0,0,1,0,0,0
ascertain,v,0,0,0,0,0,0,0,1,0,0,0
ashamed,a,0,0,0,0,0,0,0,0,0,1,0
aspiration,n,0,0,0,0,0,0,0,1,0,0,0
aspire,v,0,0,0,0,0,0,0,1,0,0,0
assume,v,0,1,0,0,0,0,0,0,0,0,0
assured,a,1,0,0,0,0,0,0,0,0,0,0
assuredness,n,1,0,0,0,0,0,0,0,0,0,0
asthenopia,n,0,0,0,0,0,0,0,0,1,0,0
astonish,v,0,0,0,0,0,0,0,0,0,0,1
astonishment,n,0,0,0,0,0,0,0,0,0,0,1
astound,v,0,0,0,0,0,0,0,0,0,0,1
ataractic,a,0.5,0,0,0,0,0,0,0.5,0,0,0
ataraxia,n,0.5,0,0,0,0,0,0,0.5,0,0,0
ataraxic,a,0.5,0,0,0,0,0,0,0.5,0,0,0
attaint,v,0,0,0,0,0,0,0,0,0,1,0
attract,v,0,0,0,0,0,0,0,0.5,0.5,0,0
attraction,n,0,0,0,0,0,0,0,1,0,0,0
attrition,n,0,0,0,0,0,0,0,0,0.5,0.5,0
attritional,a,0,0,0,0,0,0,0,0,0.5,0.5,0
audacious,a,0,1,0,0,0,0,0,0,0,0,0
autonomous,a,0,0,0,0,0,0,0,1,0,0,0
averse,a,0,0.5,0,0.5,0,0,0,0,0,0,0
aversion,n,0,0,0,1,0,0,0,0,0,0,0
avid,a,0,0,0.5,0,0,0,0,0.5,0,0,0
avidity,n,0,0,1,0,0,0,0,0,0,0,0
avidness,n,0,0,1,0,0,0,0,0,0,0,0
avoidance,n,0,0,0,0,0,0,0,0,1,0,0
awakening,n,0,0,0,0,0,0,0,1,0,0,0
awe,n,0,0,0,0,0,0,0,0.5,0,0,0.5
awe,v,0,0,0,0,0,0,0,0.5,0,0,0.5
bad-tempered,a,0,1,0,0,0,0,0,0,0,0,0
baffle,v,0,0.333333333,0,0,0,0,0,0,0.333333333,0,0.333333333
bang,n,0,0,0,0,0,0,0,0,0,0,1
bang,v,0,0,0,0,0,0,0,0,0,0,0
banzai,n,0,0,0,0,0,0,0,1,0,0,0
bashful,a,0,0,0,0,0,0,0,0,0.5,0.5,0
bashfulness,n,0,0,0,0,0,0,0,0,0.5,0.5,0
bask,v,0,0,0.5,0,0,0,0,0.5,0,0,0
bathetic,a,0,0,0,0,0,0,0,1,0,0,0
battleful,a,0,1,0,0,0,0,0,0,0,0,0
bawl,v,0,1,0,0,0,0,0,0,0,0,0
beaming,a,0,0,0,0,0,0,0,1,0,0,0
bear,v,0,0,0,0,0,0,0,0,1,0,0
beatification,n,0,0,0,0,0,0,0,1,0,0,0
beatify,v,0,0,0.25,0,0.25,0,0,0.25,0,0,0.25
beatitude,n,0,0,0,0,0,0,0,1,0,0,0
becharm,v,0,0,0,0,0,0,0.5,0.5,0,0,0
bedevil,v,0,0,0,0,0,0,0,0,0.5,0.5,0
befuddle,v,0,0,0,0,0,0,0,0,0.5,0.5,0
begrudge,v,0,0.5,0,0.5,0,0,0,0,0,0,0
beguile,v,0,0,0,0,0,0,0.5,0.5,0,0,0
bellicose,a,0,1,0,0,0,0,0,0,0,0,0
belligerent,a,0,1,0,0,0,0,0,0,0,0,0
bellow,n,0,1,0,0,0,0,0,0,0,0,0
bellow,v,0,1,0,0,0,0,0,0,0,0,0
bellowing,n,0,1,0,0,0,0,0,0,0,0,0
bemuse,v,0,0,0,0,0,0,0,0,0.5,0.5,0
benevolence,n,0,0,0,0,0,0,0,1,0,0,0
berserk,a,0,1,0,0,0,0,0,0,0,0,0
beset,a,0,0,0,0,0.5,0,0,0,0.5,0,0
bewilder,v,0,0,0,0,0,0,0,0,0.333333333,0.333333333,0.333333333
bewitch,v,0,0,0,0,0,0,0.5,0.5,0,0,0
bilk,v,0,0.5,0,0,0,0,0,0,0.5,0,0
billingsgate,n,0,0,0,0,0,0,0,0,1,0,0
bitter,a,0,1,0,0,0,0,0,0,0,0,0
bitterness,n,0,1,0,0,0,0,0,0,0,0,0
blackball,v,0,0,0,0,0,0,0,0,1,0,0
blackguard,v,0,1,0,0,0,0,0,0,0,0,0
blamable,a,0,0,0,0,0,0.5,0,0,0,0.5,0
blame,n,0,0,0,1,0,0,0,0,0,0,0
blame,v,0,0,0,1,0,0,0,0,0,0,0
blameable,a,0,0,0,0,0,0.5,0,0,0,0.5,0
blameful,a,0,0,0,0,0,0.5,0,0,0,0.5,0
blameworthiness,n,0,0,0,0,0,0.5,0,0,0,0.5,0
blameworthy,a,0,0,0,0,0,0.5,0,0,0,0.5,0
blatant,a,0,1,0,0,0,0,0,0,0,0,0
bleak,a,0,0,0,0,0,0,0,0,1,0,0
bleakness,n,0,0,0,0,0,0,0,0,1,0,0
bleed,v,0,0,0,0,0,0,0,0,1,0,0
bleeding,n,0,0,0,0,0,0,0,0,1,0,0
blessed,a,0,0,0,0,0,0,0,1,0,0,0
blessedness,n,0,0,0,0,0,0,0,1,0,0,0
blight,v,0,0,0,0,0,0,0,0,1,0,0
bliss,n,0,0,0,0,0,0,0,1,0,0,0
blissful,a,0,0,0,0,0,0,0,1,0,0,0
blissfulness,n,0,0,0,0,0,0,0,1,0,0,0
bloodguilt,n,0,0,0,0,0,0.5,0,0,0,0.5,0
bloodguilty,a,0,0,0,0,0,0.5,0,0,0,0.5,0
bloodlust,n,0,0,0,0,0,0,0,1,0,0,0
blowout,n,0,0,0,0,0,0,0,1,0,0,0
bodacious,a,0,1,0,0,0,0,0,0,0,0,0
boding,n,0,0,0,0,1,0,0,0,0,0,0
bombshell,n,0,0,0,0,0,0,0,0,0,0,1
boo,n,0,1,0,0,0,0,0,0,0,0,0
boo,v,0,1,0,0,0,0,0,0,0,0,0
bored,a,0,0,0,0,0,0,0,0,1,0,0
boredom,n,0,0,0,0,0,0,0,0,1,0,0
boring,a,0,0,0,0,0,0,0,0,1,0,0
bosom,n,0,1,0,0,0,0,0,0,0,0,0
bosom,v,0,1,0,0,0,0,0,0,0,0,0
bother,v,0,0.333333333,0,0,0.333333333,0.333333333,0,0,0,0,0
brain-fag,n,0,0,0,0,0,0,0,0,1,0,0
brainsick,a,0,1,0,0,0,0,0,0,0,0,0
brass,n,0,1,0,0,0,0,0,0,0,0,0
brassy,a,0,1,0,0,0,0,0,0,0,0,0
bravo,n,0,0,0,0,0,0,0,1,0,0,0
brazen,a,0,1,0,0,0,0,0,0,0,0,0
brazen-faced,a,0,1,0,0,0,0,0,0,0,0,0
bristle,v,0,1,0,0,0,0,0,0,0,0,0
broken-hearted,a,0,0,0,0,0,0,0,0,1,0,0
broken-heartedness,n,0,0,0,0,0,0,0,0,1,0,0
brokenhearted,a,0,0,0,0,0,0,0,0,1,0,0
brokenheartedness,n,0,0,0,0,0,0,0,0,1,0,0
brood,v,0,1,0,0,0,0,0,0,0,0,0
brooding,n,0,0,0,0,0,0,0,0,1,0,0
brooding,a,0,0,0,0,0,0,0,0,1,0,0
broody,a,0,0,0,0,0,0,0,0,1,0,0
brotherhood,n,0,0,0,0,0,0,0,1,0,0,0
bruise,n,0,0,0,0,0,0,0,0,1,0,0
bruise,v,0,0.5,0,0,0,0,0,0,0.5,0,0
brush-off,n,0,0,0,0,0,0,0,0,1,0,0
brutal,a,0,1,0,0,0,0,0,0,0,0,0
bugaboo,n,0,0,0,0,1,0,0,0,0,0,0
bullet-headed,a,0,0,0,0,0,0,0,1,0,0,0
bullheaded,a,0,0,0,0,0,0,0,1,0,0,0
bullheadedness,n,0,0,0,0,0,0,0,1,0,0,0
bummer,n,0,1,0,0,0,0,0,0,0,0,0
bump,n,0,0,0,0,0,0,0,0,1,0,0
burden,n,0,0,0,0,1,0,0,0,0,0,0
burden,v,0,0,0,0,1,0,0,0,0,0,0
burdensome,a,0,0,0,0,0,0,0,0,1,0,0
bust,v,0,0,0,0,0,0,0,0,1,0,0
busybodied,a,0,1,0,0,0,0,0,0,0,0,0
butcher,v,0,0,0,0,0,0,0,0,1,0,0
butterfly,v,0,0,0,0,0,0,0,1,0,0,0
calm,a,1,0,0,0,0,0,0,0,0,0,0
calmness,n,1,0,0,0,0,0,0,0,0,0,0
caprice,n,0,0,0,0,0,0,0,1,0,0,0
capricious,a,0,0,0,0,0,0,0,1,0,0,0
captivate,v,0,0,0,0,0,0,0.5,0.5,0,0,0
captivation,n,0,0,0,0,0,0,0,1,0,0,0
care,v,0,0,0,0,0.5,0,0,0.5,0,0,0
careen,v,0,0,0,0,0,0,0,0,1,0,0
carefree,a,0,0,0,0,0,0,0,1,0,0,0
caring,a,0,0,0,0,0,0,0,1,0,0,0
caring,n,0,0,0,0,0,0,0,1,0,0,0
cark,v,0,1,0,0,0,0,0,0,0,0,0
catcall,n,0,1,0,0,0,0,0,0,0,0,0
catcall,v,0,1,0,0,0,0,0,0,0,0,0
caterwaul,v,0,1,0,0,0,0,0,0,0,0,0
caustic,a,0,0,0,0,0,0,0,0,1,0,0
celebrate,a,0,0,0,0,0,0,0,1,0,0,0
censurable,a,0,0,0,0,0,0.5,0,0,0,0.5,0
chafe,n,0,1,0,0,0,0,0,0,0,0,0
chafe,v,0,1,0,0,0,0,0,0,0,0,0
chagrin,n,0,0,0,0,0,0,0,0,0.5,0.5,0
chagrin,v,0,0,0,0,0.333333333,0,0,0,0.333333333,0.333333333,0
challenging,a,0,0,0,0,0,0,0,1,0,0,0
charm,v,0,0,0,0,0,0,0,1,0,0,0
chasten,v,0,1,0,0,0,0,0,0,0,0,0
cheapen,v,0,0,0,0,0,0,0,0,0.5,0.5,0
checkmate,n,0,0,0,0,0,0,0,1,0,0,0
cheek,n,0,1,0,0,0,0,0,0,0,0,0
cheer,n,0,0,0,0,0,0,0,1,0,0,0
cheer,v,0,0,0,0,0,0,0,1,0,0,0
cheerful,a,0,0,0,0,0,0,0,1,0,0,0
cheerfulness,n,0,0,0,0,0,0,0,1,0,0,0
cheerless,a,0,0,0,0,0,0,0,0,1,0,0
cheerlessness,n,0,0,0,0,0,0,0,0,1,0,0
cheery,a,0,0,0,0,0,0,0,1,0,0,0
chesty,a,0,0,0,0,0,0,0,1,0,0,0
chill,n,0,0,0,0,1,0,0,0,0,0,0
chill,v,0.5,0,0,0,0.5,0,0,0,0,0,0
chilling,a,0,0,0,0,1,0,0,0,0,0,0
chilly,a,0,0,0,0,1,0,0,0,0,0,0
circumvent,v,0,0,0,0,0,0,0,0,1,0,0
clamant,a,0,1,0,0,0,0,0,0,0,0,0
clamor,n,0,1,0,0,0,0,0,0,0,0,0
clamor,v,0,1,0,0,0,0,0,0,0,0,0
clamoring,n,0,1,0,0,0,0,0,0,0,0,0
clamorous,a,0,1,0,0,0,0,0,0,0,0,0
clamour,n,0,1,0,0,0,0,0,0,0,0,0
clamour,v,0,1,0,0,0,0,0,0,0,0,0
clamouring,n,0,1,0,0,0,0,0,0,0,0,0
clobber,v,0,0,0,0,0,0,0,0,1,0,0
cod,v,0,1,0,0,0,0,0,0,0,0,0
cold-shoulder,v,0,1,0,0,0,0,0,0,0,0,0
combative,a,0,1,0,0,0,0,0,0,0,0,0
combativeness,n,0,1,0,0,0,0,0,0,0,0,0
comfort,n,0,0,0,0,0,0,0,1,0,0,0
comfort,v,0,0,0,0,0,0,0,1,0,0,0
comfortable,a,0,0,0,0,0,0,0,1,0,0,0
comic,a,0,0,0,0,0,0,0,1,0,0,0
comical,a,0,0,0,0,0,0,0,1,0,0,0
commiserate,v,0,0,0,0,0,0,0,0,1,0,0
commiseration,n,0,0,0,0,0,0,0,0,1,0,0
compassion,n,0,0,0,0,0,0,0,0.5,0.5,0,0
compassionate,a,0,0,0,0,0,0,0,0,1,0,0
compassionate,v,0,0,0,0,0,0,0,0.5,0.5,0,0
competitive,a,0,1,0,0,0,0,0,0,0,0,0
competitiveness,n,0,1,0,0,0,0,0,0,0,0,0
competitory,a,0,1,0,0,0,0,0,0,0,0,0
complacence,n,0,0,0,0,0,0,0,1,0,0,0
complacency,n,0,0,0,0,0,0,0,1,0,0,0
complacent,a,0,0,0,0,0,0,0,1,0,0,0
complicity,n,0,0,0,0,0,0.5,0,0,0,0.5,0
compunction,n,0,0,0,0,0,0,0,0,0.5,0.5,0
conceit,n,0,0,0,0,0,0,0,1,0,0,0
conceited,a,0,0,0,0,0,0,0,1,0,0,0
conceive,v,0,0,0,0,0,0,0,1,0,0,0
concord,v,0,0,0,0,0,0,0,1,0,0,0
concupiscence,n,0,0,0,0,0,0,0,1,0,0,0
concupiscent,a,0,0,0,0,0,0,0,1,0,0,0
confident,a,1,0,0,0,0,0,0,0,0,0,0
conflict,n,1,0,0,0,0,0,0,0,0,0,0
conflicted,a,0,0,0,0,0,0,0,0,1,0,0
conflicting,a,0,0,0,0,0,0,0,0,1,0,0
confound,v,0,0,0,0,0,0,0,0,0.5,0.5,0
confuse,v,0,0,0,0,0,0,0,0,0.5,0.5,0
confusion,n,0,0,0,0,0,0,0,0,0.5,0.5,0
congruence,n,0,0,0,0,0,0,0,1,0,0,0
congruent,a,0,0,0,0,0,0,0,1,0,0,0
congruity,n,0,0,0,0,0,0,0,1,0,0,0
congruous,a,0,0,0,0,0,0,0,1,0,0,0
congruousness,n,0,0,0,0,0,0,0,1,0,0,0
connive,v,0,0,0,0,0,0,0,1,0,0,0
conscience,n,0,0,0,0,0,0,0,0,0,1,0
considerate,a,0,0,0,0,0,0,0,1,0,0,0
considerateness,n,0,0,0,0,0,0,0,1,0,0,0
consideration,n,0,0,0,0,0,0,0,1,0,0,0
console,v,0,0,0,0,0,0,0,1,0,0,0
consonant,a,0,0,0,0,0,0,0,1,0,0,0
consort,v,0,0,0,0,0,0,0,1,0,0,0
consternation,n,0,0,0,0,1,0,0,0,0,0,0
contemn,v,0,0.5,0,0.5,0,0,0,0,0,0,0
contemplative,a,0,0,0,0,0,0,0,0,1,0,0
contempt,n,0,0,0,1,0,0,0,0,0,0,0
contemptuous,a,0,0,0,1,0,0,0,0,0,0,0
contend,v,0,1,0,0,0,0,0,0,0,0,0
contented,a,0,0,0,0,0,0,0,1,0,0,0
contentment,n,0.5,0,0,0,0,0,0,0.5,0,0,0
contrite,a,0,0,0,0,0,0,0,0,0.5,0.5,0
contriteness,n,0,0,0,0,0,0,0,0,0.5,0.5,0
contrition,n,0,0,0,0,0,0,0,0,0.5,0.5,0
contuse,v,0,0,0,0,0,0,0,0,1,0,0
contusion,n,0,0,0,0,0,0,0,0,1,0,0
convenience,n,0,0,0,0,0,0,0,1,0,0,0
convenient,a,0,0,0,0,0,0,0,1,0,0,0
coquet,v,0,0,0,0,0,0,0,1,0,0,0
coquette,v,0,0,0,0,0,0,0,1,0,0,0
corrosive,a,0,0,0,0,0,0,0,0,1,0,0
cosiness,n,0,0,0,0,0,0,0,1,0,0,0
cosy,a,0,0,0,0,0,0,0,1,0,0,0
court,v,0,0,0,0,0,0,0,1,0,0,0
covet,v,0,0,0,0,0,0,0.5,0,0.5,0,0
covetous,a,0,1,0,0,0,0,0,0,0,0,0
covetousness,n,0,0,0,1,0,0,0,0,0,0,0
cower,v,0,0,0,0,1,0,0,0,0,0,0
coziness,n,0,0,0,0,0,0,0,1,0,0,0
cozy,a,0,0,0,0,0,0,0,1,0,0,0
crabbed,a,0,1,0,0,0,0,0,0,0,0,0
crabby,a,0,1,0,0,0,0,0,0,0,0,0
cranky,a,0,1,0,0,0,0,0,0,0,0,0
crave,v,0,0,0,0,0,0,0,1,0,0,0
craving,n,0,0,0,0,0,0,0,1,0,0,0
creak,v,0,1,0,0,0,0,0,0,0,0,0
cream,v,0,0,0,0,0,0,0,0,1,0,0
creep,n,0,0,0,0,1,0,0,0,0,0,0
creep,v,0,0,0,0,1,0,0,0,0,0,0
creeps,n,0,0,0,0,1,0,0,0,0,0,0
creepy,a,0,0,0,0,1,0,0,0,0,0,0
criminal,a,0,0,0,0,0,0.5,0,0,0,0.5,0
criminalism,n,0,0,0,0,0,0.5,0,0,0,0.5,0
criminality,n,0,0,0,0,0,0.5,0,0,0,0.5,0
criminalness,n,0,0,0,0,0,0.5,0,0,0,0.5,0
cringe,v,0,0,0,0,0.5,0,0,0,0.5,0,0
cripple,v,0,0,0,0,0,0,0,0,1,0,0
cross,a,0,1,0,0,0,0,0,0,0,0,0
crow,v,0,0.5,0,0,0,0,0,0.5,0,0,0
cruel,a,0,1,0,0,0,0,0,0,0,0,0
crush,n,0,0,0,0,0,0,0,1,0,0,0
crush,v,0,0,0,0,0,0,0,0,1,0,0
cry,v,0,0.333333333,0,0,0,0,0,0.333333333,0.333333333,0,0
cryopathy,n,0,0,0,0,0,0,0,0,1,0,0
cuddle,v,0,0,0,0,0,0,0,1,0,0,0
culpability,n,0,0,0,0,0,0.5,0,0,0,0.5,0
culpable,a,0,0,0,0,0,0.5,0,0,0,0.5,0
culpableness,n,0,0,0,0,0,0.5,0,0,0,0.5,0
cupid,n,0,0,0,0,0,0,0,1,0,0,0
curiosity,n,0,0,0.5,0,0,0,0.5,0,0,0,0
curious,a,0,0,0.5,0,0,0,0.5,0,0,0,0
curiousness,n,0,0,0.5,0,0,0,0.5,0,0,0,0
dally,v,0,0,0,0,0,0,0,1,0,0,0
dander,n,0,1,0,0,0,0,0,0,0,0,0
danger,n,0,0,0,0,1,0,0,0,0,0,0
dangerous,a,0,0,0,0,1,0,0,0,0,0,0
dash,v,0,0,0.5,0,0.5,0,0,0,0,0,0
daunt,v,0,0,0,0,1,0,0,0,0,0,0
dazed,a,0,0,0,0,0,0,0,0,1,0,0
deadening,a,0,0,0,0,0,0,0,0,1,0,0
deadly,a,0,1,0,0,0,0,0,0,0,0,0
deadpan,a,1,0,0,0,0,0,0,0,0,0,0
debacle,n,0,0,0,0,0,0,0,0,1,0,0
debate,v,0,0,0,0,0,0,0,1,0,0,0
decompress,v,0,0,0,0,0,0,0,1,0,0,0
defeat,n,0,0,0,0,0,0,0,0,1,0,0
defeat,v,0,0,0,0,0,0,0,0,1,0,0
defenseless,a,0,0,0,0,0,0,0,0,1,0,0
degradation,n,0,0,0,0,0,0,0,0,0.5,0.5,0
degrade,v,0,0,0,0,0,0,0,0,0.5,0.5,0
deject,v,0,0,0,0,0.5,0,0,0,0.5,0,0
dejected,a,0,0,0,0,0,0,0,0,1,0,0
dejectedness,n,0,0,0,0,0,0,0,0,1,0,0
dejection,n,0,0,0,0,0,0,0,0,1,0,0
delectation,n,0,0,0,0,0,0,0,1,0,0,0
deliberate,v,0,0,0,0,0,0,0,1,0,0,0
delight,n,0,0,0,0,0,0,0,1,0,0,0
delight,v,0,0,0,0,0,0,0.5,0.5,0,0,0
delighted,a,0,0,0,0,0,0,0,1,0,0,0
delightful,a,0,0,0,0,0,0,0,1,0,0,0
demean,v,0,0,0,0,0,0,0,0,0.5,0.5,0
demented,a,0,1,0,0,0,0,0,0,0,0,0
demoralise,v,0,0,0,0,0.5,0,0,0,0.5,0,0
demoralize,v,0,0,0,0,0.5,0,0,0,0.5,0,0
deplorable,a,0,0,0,0,0,0.5,0,0,0,0.5,0
depress,v,0,0,0,0,0.5,0,0,0,0.5,0,0
depressed,a,0,0,0,0,0,0,0,0,1,0,0
depressing,a,0,0,0,0,0,0,0,0,1,0,0
depression,n,0,0,0,0,0,0,0,0,1,0,0
deride,v,0,1,0,0,0,0,0,0,0,0,0
derision,n,0,1,0,0,0,0,0,0,0,0,0
descant,v,0,1,0,0,0,0,0,0,0,0,0
desert,v,0,0,0,0,0,0,0,0,1,0,0
desertion,n,0,0,0,0,0,0,0,0,1,0,0
desire,n,0,0,0,0,0,0,0,1,0,0,0
desire,v,0,0,0.5,0,0,0,0,0.5,0,0,0
desirous,a,0,0,0,0,0,0,0,1,0,0,0
desolate,a,0,0,0,0,0,0,0,0,1,0,0
desolate,v,0,0,0,0,0,0,0,0,1,0,0
desolation,n,0,0,0,0,0,0,0,0,1,0,0
despair,n,0,0,0,0,0,0,0,0,1,0,0
despair,v,0,0,0,0,0.5,0,0,0,0.5,0,0
desperate,a,0,0,0,0,0,0,0,0,1,0,0
desperation,n,0,0,0,0,1,0,0,0,0,0,0
despisal,n,0,0.5,0,0.5,0,0,0,0,0,0,0
despise,v,0,0.5,0,0.5,0,0,0,0,0,0,0
despising,n,0,0.5,0,0.5,0,0,0,0,0,0,0
destitute,a,0,0,0,0,0,0,0,0,1,0,0
detachment,n,0,0,0,0,0,0,0,0,1,0,0
determination,n,0,0,0,0,0,0,0,1,0,0,0
detest,v,0,0.5,0,0.5,0,0,0,0,0,0,0
detestable,a,0,0.5,0,0.5,0,0,0,0,0,0,0
detestation,n,0,0.5,0,0.5,0,0,0,0,0,0,0
devastate,v,0,0,0,0,0,0,0,0,1,0,0
devil,v,0,1,0,0,0,0,0,0,0,0,0
devoted,a,0,0,0,0,0,0,0,1,0,0,0
devotedness,n,0,0,0,0,0,0,0,1,0,0,0
devotion,n,0,0,0,0,0,0,0,1,0,0,0
devout,a,0,0,1,0,0,0,0,0,0,0,0
diffident,a,0,0,0,0,1,0,0,0,0,0,0
dignify,v,0,0,0,0,0,0,0,1,0,0,0
dignity,n,0,0,0,0,0,0,0,1,0,0,0
dim,a,0,0,0,0,0,0,0,0,1,0,0
dipsomania,n,0,0,0,0,0,0,0,1,0,0,0
dire,a,0,0,0,0,1,0,0,0,0,0,0
direful,a,0,0,0,0,1,0,0,0,0,0,0
disaffect,v,0,0,0,0,0,0,0,0,1,0,0
disagree,v,0,1,0,0,0,0,0,0,0,0,0
disagreeable,a,0,1,0,0,0,0,0,0,0,0,0
disagreement,n,0,1,0,0,0,0,0,0,0,0,0
disallow,v,0,0,0,0,0,0,0,0,1,0,0
disappoint,v,0,0,0,0,0,0,0,0,1,0,0
disappointed,a,0,1,0,0,0,0,0,0,0,0,0
disappointment,n,0,0,0,0,0,0,0,0,1,0,0
disapprove,v,0,0,0,0,0,0,0,0,1,0,0
disbelief,n,0,0,0,0,0,0,0,0,1,0,0
disbelieving,a,0,0,0,0,0,0,0,0,1,0,0
discombobulate,v,0,0,0,0,0,0,0,0,0.5,0.5,0
discombobulation,n,0,0,0,0,0,0,0,0,0.5,0.5,0
discomfit,v,0,0.333333333,0,0,0,0,0,0,0.333333333,0.333333333,0
discomfiture,n,0,0,0,0,0,0,0,0,0.5,0.5,0
discomfort,n,0,0,0,0,0.5,0.5,0,0,0,0,0
discommode,v,0,0,0,0,0.5,0.5,0,0,0,0,0
discompose,v,0,0.333333333,0,0,0,0,0,0,0.333333333,0.333333333,0
discomposure,n,0,0,0,0,0,0,0,0,0.5,0.5,0
disconcert,v,0,0.333333333,0,0,0,0,0,0,0.333333333,0.333333333,0
disconcerted,a,0,0,0,0,0,0,0,0,1,0,0
disconcertion,n,0,0,0,0,0,0,0,0,0.5,0.5,0
disconcertment,n,0,0,0,0,0,0,0,0,0.5,0.5,0
discontent,a,0,0,0,0,0,0,0,1,0,0,0
discontent,n,0,0,0,0,0,0,0,1,0,0,0
discontent,v,0,0,0,0,0,0,0,1,0,0,0
discontented,a,0,0,0,0,0,0,0,1,0,0,0
discontentedness,n,0,0,0,0,0,0,0,1,0,0,0
discontentment,n,0,0,0,0,0,0,0,1,0,0,0
discount,v,0,0,0,0,0,0,0,0,1,0,0
discourage,v,0,0,0,0,0,0,0,0,1,0,0
discriminating,a,0,0,0,0,0,0,0,0,0,0,0
disdain,v,0,0.333333333,0,0.333333333,0,0,0,0,0.333333333,0,0
disdainful,a,0,0,0,1,0,0,0,0,0,0,0
disenchant,v,0,0,0,0,0,0,0,0,1,0,0
disgrace,v,0,0,0,0,0,0,0,0,0.5,0.5,0
disgust,n,0,0,0,1,0,0,0,0,0,0,0
disgust,v,0,0,0,1,0,0,0,0,0,0,0
disgusted,a,0,0,0,1,0,0,0,0,0,0,0
disgusting,a,0,0,0,1,0,0,0,0,0,0,0
disgustingly,r,0,0,0,1,0,0,0,0,0,0,0
dishearten,a,0,0,0,0,0,0,0,0,1,0,0
dishearten,v,0,0,0,0,0,0,0,0,1,0,0
dishonor,v,0,0,0,0,0,0,0,0,0,1,0
dishonour,v,0,0,0,0,0,0,0,0,0,1,0
disillusion,n,0,0,0,0,0,0,0,0,1,0,0
disillusion,v,0,0,0,0,0,0,0,0,1,0,0
dislike,n,0,0.5,0,0.5,0,0,0,0,0,0,0
dislike,v,0,0.5,0,0.5,0,0,0,0,0,0,0
dislocate,v,0,0,0,0,0,0,0,0,1,0,0
dislocation,n,0,0,0,0,0,0,0,0,1,0,0
dismay,n,0,0,0,0,0.5,0,0,0,0.5,0,0
dismay,v,0,0,0,0.333333333,0.333333333,0,0,0,0.333333333,0,0
dismiss,v,0,0,0,0,0,0,0,0,1,0,0
disoblige,v,0,0,0,0,0.5,0.5,0,0,0,0,0
disorder,v,0,1,0,0,0,0,0,0,0,0,0
disoriented,a,0,0,0,0,0,0,0,0,1,0,0
disown,v,0,0,0,0,0,0,0,0,1,0,0
dispirit,v,0,0,0,0,0.5,0,0,0,0.5,0,0
dispirited,a,0.5,0,0,0,0,0,0,0,0.5,0,0
dispiritedness,n,0,0,0,0,0,0,0,0,1,0,0
displacement,n,0,0,0,0,0,0,0,0,1,0,0
displease,v,0,0.5,0,0,0,0,0,0,0.5,0,0
displeased,a,0,0.333333333,0,0,0.333333333,0,0,0,0.333333333,0,0
displeasure,n,0,0.5,0,0,0,0,0,0,0.5,0,0
disquiet,v,0,1,0,0,0,0,0,0,0,0,0
disregard,v,0,0,0,0,0,0,0,0,1,0,0
disruptive,a,0,0.5,0,0,0,0,0,0.5,0,0,0
diss,v,0,0.5,0,0,0,0,0,0,0.5,0,0
dissatisfaction,n,0,0,0,0,0,0,0,0,1,0,0
dissatisfied,a,0,0,0,0,0,0,0,0,1,0,0
dissatisfy,v,0,0,0,0,0,0,0,0,1,0,0
dissent,v,0,1,0,0,0,0,0,0,0,0,0
distain,v,0,0,0,1,0,0,0,0,0,0,0
distance,n,0,0,0,0,0,0,0,0,1,0,0
distant,a,0,0,0,0,0,0,0,0,1,0,0
distaste,n,0,0,0,1,0,0,0,0,0,0,0
distaste,v,0,0,0,1,0,0,0,0,0,0,0
distract,v,0,1,0,0,0,0,0,0,0,0,0
distraught,a,0,0,0,0,0,0,0,0,1,0,0
distress,n,0,0,0,0,1,0,0,0,0,0,0
distress,v,0,0,0,0,1,0,0,0,0,0,0
distressed,a,0,0,0,0,0,0,0,0,1,0,0
distressing,a,0,0,0,0,0,0.5,0,0,0,0.5,0
distrust,n,0,0,0,0,0,0,0,0,1,0,0
distrust,v,0,0,0,0,0,0,0,0,1,0,0
distrustful,a,0,0,0,0,0,0,0,0,1,0,0
disturb,v,0,1,0,0,0,0,0,0,0,0,0
disturbance,n,0,1,0,0,0,0,0,0,0,0,0
disturbed,a,0,1,0,0,0,0,0,0,0,0,0
disunity,n,0,1,0,0,0,0,0,0,0,0,0
dither,n,0,1,0,0,0,0,0,0,0,0,0
dither,v,0,1,0,0,0,0,0,0,0,0,0
divide,n,0,1,0,0,0,0,0,0,0,0,0
dodge,v,0,0,0,0,0,0,0,0,1,0,0
dodging,n,0,0,0,0,0,0,0,0,1,0,0
dogged,a,0,0,0,0,0,0,0,1,0,0,0
doghouse,n,0,0.5,0,0.5,0,0,0,0,0,0,0
doldrums,n,0,0,0,0,0,0,0,0,1,0,0
doleful,a,0,0,0,0,0,0,0,0,1,0,0
dolefulness,n,0,0,0,0,0,0,0,0,1,0,0
dolor,n,0,0,0,0,0,0,0,0,1,0,0
dolorous,a,0,0,0,0,0,0,0,0,1,0,0
dolour,n,0,0,0,0,0,0,0,0,1,0,0
dolourous,a,0,0,0,0,0,0,0,0,1,0,0
doubt,n,0,0,0,0,0,0,0,0,1,0,0
doubt,v,0,0,0,0,0,0,0,0,1,0,0
doubting,a,0,0,0,0,0,0,0,0,1,0,0
dour,a,0,0,0,0,0,0,0,0.5,0.5,0,0
downcast,a,0,0,0,0,0,0,0,0,1,0,0
downhearted,a,0,0,0,0,0,0,0,0,1,0,0
downheartedness,n,0,0,0,0,0,0,0,0,1,0,0
drab,a,0,0,0,0,0.5,0,0,0,0.5,0,0
dread,n,0,0,0,0,1,0,0,0,0,0,0
dread,a,0,0,0,0,1,0,0,0,0,0,0
dread,v,0,0,0,0,1,0,0,0,0,0,0
dreaded,a,0,0,0,0,1,0,0,0,0,0,0
dreadful,a,0,0,0,0,1,0,0,0,0,0,0
dream,n,0,0,0,0,0,0,0,1,0,0,0
dream,v,0,0,0,0,0,0,0,1,0,0,0
dreamland,n,0,0,0,0,0,0,0,1,0,0,0
drippy,a,0,0,0,0,0,0,0,1,0,0,0
drub,v,0,0,0,0,0,0,0,0,1,0,0
drubbing,n,0,0,0,0,0,0,0,0,1,0,0
dualistic,a,0,0,0,0,0,0,0,0,0,0,0
dudgeon,n,0,0.5,0,0.5,0,0,0,0,0,0,0
dull,a,0,0,0,0,0,0,0,0,1,0,0
dumbfound,v,0,0,0,0,0,0,0,0,0,0,1
dysphoric,a,0,0,0,0,0,0,0,0,1,0,0
eager,a,0,0,0.5,0,0,0,0,0.5,0,0,0
eagerness,n,0,0,0.5,0,0,0,0,0.5,0,0,0
ebullient,a,0,0,0.5,0,0,0,0,0.5,0,0,0
ecclesiasticism,n,0,0,0.5,0,0,0,0,0.5,0,0,0
ecstasy,n,0,0,0,0,0,0,0,1,0,0,0
ecstatic,a,0,0,0,0,0,0,0,1,0,0,0
edginess,n,0,0,0,0,1,0,0,0,0,0,0
edgy,a,0,0,0,0,1,0,0,0,0,0,0
ego,n,0,0,0,0,0,0,0,1,0,0,0
egomania,n,0,0,0,0,0,0,0,1,0,0,0
egotism,n,0,0,0,0,0,0,0,1,0,0,0
egotistic,a,0,0,0,0,0,0,0,1,0,0,0
egotistical,a,0,0,0,0,0,0,0,1,0,0,0
elan,n,0,0,0,0,0,0,0,1,0,0,0
elate,v,0,0,0,0,0,0,0,1,0,0,0
elated,a,0,0,0,0,0,0,0,1,0,0,0
elation,n,0,0,0,0,0,0,0,1,0,0,0
elicit,v,0,0,0,0,0,0,0,1,0,0,0
elude,v,0,0,0,0,0,0,0,0,1,0,0
emancipate,v,0,0,0,0,0,0,0,1,0,0,0
embarrass,v,0,0,0,0,0,0,0,0,0.5,0.5,0
embarrassment,n,0,0,0,0,0,0,0,0,0.5,0.5,0
empathetic,a,0,0,0,0,0,0,0,0,1,0,0
empathic,a,0,0,0,0,0,0,0,0,1,0,0
empathise,v,0,0,0,0,0,0,0,0,1,0,0
empathize,v,0,0,0,0,0,0,0,0,1,0,0
empathy,n,0,0,0,0,0,0,0,0,1,0,0
enamor,v,0,0,0,0,0,0,0.5,0.5,0,0,0
enamored,a,0,0,0,0,0,0,0,1,0,0,0
enamoredness,n,0,0,0,0,0,0,0,1,0,0,0
enamour,v,0,0,0,0,0,0,0.5,0.5,0,0,0
enchant,v,0,0,0,0,0,0,0,1,0,0,0
enchantment,n,0,0,0,0,0,0,0,1,0,0,0
encumbrance,n,0,0,0,0,1,0,0,0,0,0,0
endanger,v,0,0,0,0,1,0,0,0,0,0,0
endear,v,0,0,0,0,0,0,0,1,0,0,0
enfranchise,v,0,0,0,0,0,0,0,1,0,0,0
enfranchisement,n,0,0,0,0,0,0,0,1,0,0,0
enjoy,v,0,0,0,0,0,0,0,1,0,0,0
enjoyment,n,0,0,0,0,0,0,0,1,0,0,0
enkindle,v,0,0,0,0,0,0,0,1,0,0,0
enmity,n,0,0.5,0,0.5,0,0,0,0,0,0,0
ennoble,v,0,0,0,0,0,0,0,1,0,0,0
ennui,n,0,0,0,0,0,0,0,0,1,0,0
enrage,v,0,1,0,0,0,0,0,0,0,0,0
enraged,a,0,1,0,0,0,0,0,0,0,0,0
enragement,n,0,1,0,0,0,0,0,0,0,0,0
enrapture,v,0,0,0,0,0,0,0.5,0.5,0,0,0
enraptured,a,0,0,0,0,0,0,0,1,0,0,0
enthral,v,0,0,0,0,0,0,0.5,0.5,0,0,0
enthrall,v,0,0,0,0,0,0,0.5,0.5,0,0,0
enthrallment,n,0,0,0,0,0,0,0,1,0,0,0
enthusiasm,n,0,0,0.333333333,0,0,0,0.333333333,0.333333333,0,0,0
enthusiastic,a,0,0,0.333333333,0,0,0,0.333333333,0.333333333,0,0,0
entrance,v,0,0,0,0,0,0,0.5,0.5,0,0,0
entrancement,n,0,0,0,0,0,0,0.5,0.5,0,0,0
envious,a,0,1,0,0,0,0,0,0,0,0,0
enviousness,n,0,1,0,0,0,0,0,0,0,0,0
envision,v,0,0,0,0,0,0,0,1,0,0,0
envy,n,0,0.5,0,0.5,0,0,0,0,0,0,0
envy,v,0,0.5,0,0.5,0,0,0,0,0,0,0
equable,a,0,0,0,0,0,0,0,1,0,0,0
eros,n,0,0,0,0,0,0,0,1,0,0,0
erosive,a,0,0,0,0,0,0,0,0,1,0,0
erotic,a,0,0,0,0,0,0,0,1,0,0,0
eschew,v,0,0,0,0,0,0,0,0,1,0,0
esteem,n,0,0,0,0,0,0,0,1,0,0,0
esteem,v,0,0,0,0,0,0,0,1,0,0,0
estrange,v,0,0,0,0,0,0,0,0,1,0,0
estranged,a,0,0,0,0,0,0,0,0,1,0,0
estrangement,n,0,0,0,0,0,0,0,0,1,0,0
euphoria,n,0,0,0,0,0,0,0,1,0,0,0
euphoric,a,0,0,0,0,0,0,0,1,0,0,0
evade,v,0,0,0,0,0,0,0,0,1,0,0
even-tempered,a,0,0,0,0,0,0,0,1,0,0,0
exacerbate,v,0,1,0,0,0,0,0,0,0,0,0
exalt,v,0,0,0.25,0,0.25,0,0,0.25,0,0,0.25
exasperate,v,0,1,0,0,0,0,0,0,0,0,0
exasperation,n,0,1,0,0,0,0,0,0,0,0,0
excitation,n,0,0,0,0,0,0,0,1,0,0,0
excite,v,0,0,0.333333333,0,0,0,0,0.333333333,0,0,0.333333333
excited,a,0,0,0.5,0,0,0,0,0.5,0,0,0
excitedly,r,0,0,0.333333333,0,0,0,0.333333333,0.333333333,0,0,0
excitedness,n,0,0,0.333333333,0,0,0,0.333333333,0.333333333,0,0,0
excitement,n,0,0,0.333333333,0,0,0,0,0.333333333,0,0,0.333333333
exciting,a,0,0,0,0,0,0,0,1,0,0,0
exclude,v,0,0,0,0,0,0,0,0,1,0,0
excoriate,v,0,1,0,0,0,0,0,0,0,0,0
excruciate,v,0,0.333333333,0,0.333333333,0.333333333,0,0,0,0,0,0
execrate,v,0,0.5,0,0.5,0,0,0,0,0,0,0
execration,n,0,0.5,0,0.5,0,0,0,0,0,0,0
exercration,n,0,0,0,1,0,0,0,0,0,0,0
exhaustion,n,0,0,0,0,0,0,0,0,1,0,0
exhilarate,v,0,0,0.25,0,0.25,0,0,0.25,0,0,0.25
exhilaration,n,0,0,0.5,0,0,0,0,0.5,0,0,0
expectancy,n,0,0,1,0,0,0,0,0,0,0,0
expectant,a,0,0,1,0,0,0,0,0,0,0,0
expose,v,0,0,0,0,1,0,0,0,0,0,0
expressionless,a,1,0,0,0,0,0,0,0,0,0,0
exteroception,n,0,0,0,0,1,0,0,0,0,0,0
exuberance,n,0,0,0.5,0,0,0,0,0.5,0,0,0
exuberant,a,0,0,0.5,0,0,0,0,0.5,0,0,0
exuberate,v,0,0,0.5,0,0,0,0,0.5,0,0,0
exult,v,0,0,0.5,0,0,0,0,0.5,0,0,0
exultant,a,0,0,0,0,0,0,0,1,0,0,0
exultation,n,0,0,0,0,0,0,0,1,0,0,0
exulting,a,0,0,0,0,0,0,0,1,0,0,0
fag,v,0,0,0,0,0,0,0,0,1,0,0
faint-hearted,a,0,0,0,0,1,0,0,0,0,0,0
fainthearted,a,0,0,0,0,1,0,0,0,0,0,0
fancy,n,0,0,0,0,0,0,0,1,0,0,0
fancy,v,0,0,0,0,0,0,0,1,0,0,0
farcical,a,0,1,0,0,0,0,0,0,0,0,0
fascinate,v,0,0,0,0,0,0,0.5,0.5,0,0,0
fascination,n,0,0,0,0,0,0,0,1,0,0,0
fatalism,n,0.5,0,0,0,0,0,0,0.5,0,0,0
fatigue,n,0,0,0,0,0,0,0,0,1,0,0
fatigue,v,0,0,0,0,0,0,0,0,1,0,0
fault,v,0,0,0,1,0,0,0,0,0,0,0
favorable,a,0,0,0,0,0,0,0,1,0,0,0
fear,n,0,0,0,0,1,0,0,0,0,0,0
fear,v,0,0,0,0,1,0,0,0,0,0,0
feared,a,0,0,0,0,1,0,0,0,0,0,0
fearful,a,0,0,0,0,1,0,0,0,0,0,0
fearsome,a,0,0,0,0,1,0,0,0,0,0,0
feisty,a,0,1,0,0,0,0,0,0,0,0,0
felicitous,a,0,0,0,0,0,0,0,1,0,0,0
felonious,a,0,0,0,0,0,0.5,0,0,0,0.5,0
feral,a,0,1,0,0,0,0,0,0,0,0,0
ferine,a,0,1,0,0,0,0,0,0,0,0,0
ferocious,a,0,1,0,0,0,0,0,0,0,0,0
ferocity,n,0,1,0,0,0,0,0,0,0,0,0
fervency,n,0,0,0,0,0,0,0,1,0,0,0
fervent,a,0,0,0,0,0,0,0,1,0,0,0
fervid,a,0,0,0,0,0,0,0,1,0,0,0
fervidness,n,0,0,0,0,0,0,0,1,0,0,0
fervor,n,0,0,0,0,0,0,0,1,0,0,0
fervour,n,0,0,0,0,0,0,0,1,0,0,0
festinate,v,0,0,0.5,0,0,0,0,0,0,0,0.5
fierce,a,0,1,0,0,0,0,0,0,0,0,0
fiery,a,0,0,0,0,0,0,0,1,0,0,0
fight,n,0,1,0,0,0,0,0,0,0,0,0
fight,v,0,1,0,0,0,0,0,0,0,0,0
flagellant,n,0,0,0,0,0,1,0,0,0,0,0
flagellate,v,0,0,0,0,0,1,0,0,0,0,0
flap,n,0,1,0,0,0,0,0,0,0,0,0
fleshy,a,0,0,0,0,0,0,0,0,1,0,0
flinch,v,0,0,0,0,0,0,0,0,1,0,0
flip,a,0,1,0,0,0,0,0,0,0,0,0
flirt,v,0,0,0,0,0,0,0,1,0,0,0
flirtatiousness,n,0,0,0,0,0,0,0.5,0.5,0,0,0
flog,v,0,0,0,0,0,0,0,0,1,0,0
flummox,v,0,0,0,0,0,0,0,0,0,0,1
flurry,v,0,0,0,0,0,0,0,0,0.5,0.5,0
flush,n,0,0,0.5,0,0,0,0,0,0,0,0.5
flush,a,0,0,0.5,0,0,0,0,0,0,0,0.5
foggy,a,0,0,0,0,0,0,0,0,1,0,0
foil,v,0,0.5,0,0,0,0,0,0,0.5,0,0
fond,a,0,0,0,0,0,0,0,0.5,0.5,0,0
fondness,n,0,0,0,0,0,0,0,1,0,0,0
forbid,v,0,0,0,0,0,0,0,0,1,0,0
force,v,0,0,0,0,0,0,0,0,1,0,0
forebode,v,0,0,0,0,1,0,0,0,0,0,0
foreboding,n,0,0,0,0,1,0,0,0,0,0,0
foretell,v,0,0,0,0,1,0,0,0,0,0,0
forgoing,n,0,0,0,0,0,0,0,0,1,0,0
forlorn,a,0,0,0,0,0,0,0,0,1,0,0
forlornness,n,0,0,0,0,0,0,0,0,1,0,0
forsake,v,0,0,0,0,0,0,0,0,1,0,0
forsaking,n,0,0,0,0,0,0,0,0,1,0,0
forswear,v,0,0,0,0,0,0,0,0,1,0,0
forswearing,n,0,0,0,0,0,0,0,0,1,0,0
fox,v,0,0,0,0,0,0,0,0,0.5,0.5,0
fractious,a,0,1,0,0,0,0,0,0,0,0,0
fracture,n,0,0,0,0,0,0,0,0,1,0,0
fracture,v,0,0,0,0,0,0,0,0,1,0,0
frantic,a,0,0,0,0,1,0,0,0,0,0,0
fray,v,0,1,0,0,0,0,0,0,0,0,0
frazzle,n,0,0,0,0,0,0,0,0,1,0,0
frazzle,v,0,0,0,0,0,0,0,0,1,0,0
freedom,n,0,0,0,0,0,0,0,1,0,0,0
frenzied,a,0,0,0,0,0,0,0,1,0,0,0
fret,n,0,1,0,0,0,0,0,0,0,0,0
fret,v,0,1,0,0,0,0,0,0,0,0,0
friendliness,n,0,0,0,0,0,0,0,1,0,0,0
friendly,a,0,0,0,0,0,0,0,1,0,0,0
fright,n,0,0,0,0,1,0,0,0,0,0,0
fright,v,0,0,0,0,1,0,0,0,0,0,0
frighten,v,0,0,0,0,1,0,0,0,0,0,0
frightened,a,0,0,0,0,1,0,0,0,0,0,0
frightening,n,0,0,0,0,1,0,0,0,0,0,0
frightening,a,0,0,0,0,1,0,0,0,0,0,0
frightful,a,0,0,0,0,1,0,0,0,0,0,0
frisson,n,0,0,0,0,1,0,0,0,0,0,0
frostbite,n,0,0,0,0,0,0,0,0,1,0,0
frustrate,v,0,0.5,0,0,0,0,0,0,0.5,0,0
frustrated,a,0,0.5,0,0,0,0,0,0,0.5,0,0
frustrating,a,0,0.5,0,0,0,0,0,0,0.5,0,0
frustration,n,0,0.5,0,0,0,0,0,0,0.5,0,0
fuddle,v,0,0,0,0,0,0,0,0,0.5,0.5,0
fudge,v,0,0,0,0,0,0,0,0,1,0,0
fulfil,v,0,0,0,0,0,0,0,1,0,0,0
fulfill,v,0,0,0,0,0,0,0,1,0,0,0
fulfillment,n,0,0,0,0,0,0,0,1,0,0,0
fulfilment,n,0,0,0,0,0,0,0,1,0,0,0
fun,a,0,0,0,0,0,0,0,1,0,0,0
fun,n,0,0,0,0,0,0,0,1,0,0,0
funk,n,0,0,0,0,0,0,0,0,1,0,0
funk,v,0,0,0,0,0,0,0,0,1,0,0
funny,n,0,0,0,0,0,0,0,1,0,0,0
funny,a,0,0,0,0,0,0,0,1,0,0,0
furious,a,0,1,0,0,0,0,0,0,0,0,0
fury,n,0,1,0,0,0,0,0,0,0,0,0
fuss,n,0,1,0,0,0,0,0,0,0,0,0
fuss,v,0,1,0,0,0,0,0,0,0,0,0
fussy,a,0,1,0,0,0,0,0,0,0,0,0
gaiety,n,0,0,0,0,0,0,0,1,0,0,0
gaily,a,0,0,0,0,0,0,0,1,0,0,0
gain,v,0,0,0,0,0,0,0,1,0,0,0
gall,v,0,1,0,0,0,0,0,0,0,0,0
generosity,n,0,0,0,0,0,0,0,1,0,0,0
generous,a,0,0,0,0,0,0,0,1,0,0,0
generousness,n,0,0,0,0,0,0,0,1,0,0,0
giddiness,n,0,0,0,0,0,0,0,1,0,0,0
giddy,a,0,0,0,0,0,0,0,1,0,0,0
glad,a,0,0,0,0,0,0,0,1,0,0,0
gladden,v,0,0,0,0,0,0,0,1,0,0,0
gladness,n,0,0,0,0,0,0,0,1,0,0,0
glee,n,0,0,0,0,0,0,0,1,0,0,0
gleeful,a,0,0,0,0,0,0,0,1,0,0,0
gleefulness,n,0,0,0,0,0,0,0,1,0,0,0
gloat,n,0,0,0,0,0,0,0,1,0,0,0
gloat,v,0,0.5,0,0,0,0,0,0.5,0,0,0
gloating,n,0,0.5,0,0,0,0,0,0.5,0,0,0
gloom,n,0,0,0,0,0.5,0,0,0,0.5,0,0
gloomful,a,0,0,0,0,0.5,0,0,0,0.5,0,0
gloominess,n,0,0,0,0,0.5,0,0,0,0.5,0,0
glooming,a,0,0,0,0,0.5,0,0,0,0.5,0,0
gloomy,a,0,0,0,0,0.5,0,0,0,0.5,0,0
glowering,a,0,0,0,0,0,0,0,0,1,0,0
glum,n,0,0,0,0,0,0,0,0,1,0,0
glum,a,0,0,0,0,0,0,0,0,1,0,0
glumness,n,0,0,0,0,0,0,0,0,1,0,0
good-humored,a,0,0,0,0,0,0,0,1,0,0,0
good-humoredness,n,0,0,0,0,0,0,0,1,0,0,0
good-humoured,a,0,0,0,0,0,0,0,1,0,0,0
good-humouredness,n,0,0,0,0,0,0,0,1,0,0,0
good-tempered,a,0,0,0,0,0,0,0,1,0,0,0
good-temperedness,n,0,0,0,0,0,0,0,1,0,0,0
goodwill,n,0,0,0,0,0,0,0,1,0,0,0
grateful,a,0,0,0,0,0,0,0,1,0,0,0
gratefulness,n,0,0,0,0,0,0,0,1,0,0,0
gratification,n,0,0,0,0,0,0,0,1,0,0,0
gratify,v,0,0,0,0,0,0,0,1,0,0,0
gratitude,n,0,0,0,0,0,0,0,1,0,0,0
grave,a,0,0,0,0,0,0,0,0,1,0,0
gravel,v,0,0.5,0,0,0,0,0,0,0,0,0.5
grief,n,0,0,0,0,0,0,0,0,1,0,0
grievance,n,0,1,0,0,0,0,0,0,0,0,0
grieve,v,0,0,0,0,0,0,0,0,1,0,0
grim,a,0,0,0,0,0,0,0,0,1,0,0
grip,v,0,0,0,0,0,0,0,1,0,0,0
grizzle,v,0,1,0,0,0,0,0,0,0,0,0
grizzly,a,0,0,0,0,1,0,0,0,0,0,0
grogginess,n,0,0,0,0,0,0,0,0,1,0,0
groggy,a,0,0,0,0,0,0,0,0,1,0,0
grouchiness,n,0,1,0,0,0,0,0,0,0,0,0
grouchy,a,0,1,0,0,0,0,0,0,0,0,0
grudge,n,0,1,0,0,0,0,0,0,0,0,0
grudge,v,0,1,0,0,0,0,0,0,0,0,0
grumpiness,n,0,1,0,0,0,0,0,0,0,0,0
grumpy,a,0,1,0,0,0,0,0,0,0,0,0
guilt,n,0,0,0,0,0,0.5,0,0,0,0.5,0
guilty,a,0,0,0,0,0,0.5,0,0,0,0.5,0
gusto,n,0,0,0.5,0,0,0,0,0.5,0,0,0
hackles,n,0,1,0,0,0,0,0,0,0,0,0
halloo,n,0,1,0,0,0,0,0,0,0,0,0
halloo,v,0,1,0,0,0,0,0,0,0,0,0
hangdog,a,0,0,0,0,0,0,0,0,0.5,0.5,0
hanker,v,0,0,0,0,0,0,0,1,0,0,0
hankering,n,0,0,0,0,0,0,0,1,0,0,0
hapless,a,0,0,0,0,0.333333333,0.333333333,0,0,0.333333333,0,0
happiness,n,0,0,0,0,0,0,0,1,0,0,0
happy,a,0,0,0,0,0,0,0,1,0,0,0
harassment,n,0,1,0,0,0,0,0,0,0,0,0
hardy,a,0,0,0,0,0,0,0,1,0,0,0
harmonic,a,0,0,0,0,0,0,0,1,0,0,0
harmonical,a,0,0,0,0,0,0,0,1,0,0,0
harmonious,a,0.5,0,0,0,0,0,0,0.5,0,0,0
harmonise,v,0,0,0,0,0,0,0,1,0,0,0
harmonised,a,0,0,0,0,0,0,0,1,0,0,0
harmonize,v,0,0,0,0,0,0,0,1,0,0,0
harmonized,a,0,0,0,0,0,0,0,1,0,0,0
harmony,n,0,0,0,0,0,0,0,1,0,0,0
hasten,v,0,0,0.5,0,0,0,0,0,0,0,0.5
hate,n,0,0.5,0,0.5,0,0,0,0,0,0,0
hate,v,0,0.5,0,0.5,0,0,0,0,0,0,0
hated,a,0,0,0,0,0,0,0,0,1,0,0
hatred,n,0,1,0,0,0,0,0,0,0,0,0
hazardous,a,0,0,0,0,1,0,0,0,0,0,0
hazardousness,n,0,0,0,0,1,0,0,0,0,0,0
heartache,n,0,0,0,0,0,0,0,0,1,0,0
heartbreak,n,0,0,0,0,0,0,0,0,1,0,0
heartbreaker,n,0,0,0,0,0,0,0,0,1,0,0
heartbroken,a,0,0,0,0,0,0,0,0,1,0,0
heartburning,n,0,1,0,0,0,0,0,0,0,0,0
heartfelt,a,0,0,0,0,0,0,0,0,0,0,0
heartsick,a,0,0,0,0,0,0,0,0,1,0,0
heartstrings,n,0,0,0,0,0,0,0,0.5,0.5,0,0
heathenism,n,0,0,0,0,0,0,0,0,0,0,0
heaviness,n,0,0,0,0,0,0,0,0,1,0,0
heavyhearted,a,0,0,0,0,0,0,0,0,1,0,0
heavyheartedness,n,0,0,0,0,0,0,0,0,1,0,0
hie,v,0,0,0.5,0,0,0,0,0,0,0,0.5
high-spirited,a,0,0,0.5,0,0,0,0,0.5,0,0,0
high-strung,a,0,0,0,0,1,0,0,0,0,0,0
hilarious,a,0,0,0,0,0,0,0,1,0,0,0
hilarity,n,0,0,0,0,0,0,0,1,0,0,0
hiss,n,0,1,0,0,0,0,0,0,0,0,0
hiss,v,0,1,0,0,0,0,0,0,0,0,0
ho-hum,a,0,0,0,0,0,0,0,0,1,0,0
hokey,a,0,0,0,0,0,0,0,1,0,0,0
holla,n,0,1,0,0,0,0,0,0,0,0,0
holler,n,0,1,0,0,0,0,0,0,0,0,0
holler,v,0,0.5,0,0,0,0,0,0.5,0,0,0
hollering,n,0,1,0,0,0,0,0,0,0,0,0
hollo,n,0,1,0,0,0,0,0,0,0,0,0
hollo,v,0,0.5,0,0,0,0,0,0.5,0,0,0
holloa,n,0,1,0,0,0,0,0,0,0,0,0
homesick,a,0,0,0,0,0,0,0,0,1,0,0
homesickness,n,0,0,0,0,0,0,0,0,1,0,0
homicidal,a,0,0.5,0,0.5,0,0,0,0,0,0,0
homophobia,n,0,0.5,0,0.5,0,0,0,0,0,0,0
hooray,n,0,0,0,0,0,0,0,1,0,0,0
hoot,n,0,1,0,0,0,0,0,0,0,0,0
hope,n,0,0,1,0,0,0,0,0,0,0,0
hope,v,0,0,1,0,0,0,0,0,0,0,0
hopeful,a,0,0,1,0,0,0,0,0,0,0,0
hopefully,r,0,0,1,0,0,0,0,0,0,0,0
hopeless,a,0,0,0,0,0,0,0,0,1,0,0
hopelessness,n,0,0,0,0,0,0,0,0,1,0,0
horrendous,a,0,0,0,0,1,0,0,0,0,0,0
horrific,a,0,0,0,0,1,0,0,0,0,0,0
horrify,v,0,0,0,0.5,0.5,0,0,0,0,0,0
horror,n,0,0,0,0.5,0.5,0,0,0,0,0,0
hosanna,n,0,1,0,0,0,0,0,0,0,0,0
hostile,a,0,0,0,0,1,0,0,0,0,0,0
hostility,n,0,0.5,0,0.5,0,0,0,0,0,0,0
hotfoot,v,0,0,0.5,0,0,0,0,0,0,0,0.5
howl,v,0,0.333333333,0,0,0,0,0,0.333333333,0.333333333,0,0
howler,n,0,0,0,0,0,0,0,1,0,0,0
huff,n,0,1,0,0,0,0,0,0,0,0,0
huffiness,n,0,1,0,0,0,0,0,0,0,0,0
huffish,a,0,1,0,0,0,0,0,0,0,0,0
huffishness,n,0,1,0,0,0,0,0,0,0,0,0
huffy,a,0,1,0,0,0,0,0,0,0,0,0
humble,a,0,0,0,0,0,0,0,0,1,0,0
humble,v,0,0,0,0,0.333333333,0,0,0,0.333333333,0.333333333,0
humiliate,v,0,0,0,0,0.333333333,0,0,0,0.333333333,0.333333333,0
humiliation,n,0,0,0,0,0,0,0,0,0.5,0.5,0
humorous,a,0,0,0,0,0,0,0,1,0,0,0
hunger,v,0,0,0,0,0,0,0,1,0,0,0
hungriness,n,0,0,0,0,0,0,0,1,0,0,0
hurrah,n,0,0,0,0,0,0,0,1,0,0,0
hurt,a,0,0,0,0,0,0,0,0,1,0,0
hurt,n,0,0,0,0,0,0,0,0,1,0,0
hurt,v,0,0.333333333,0,0,0.333333333,0,0,0,0.333333333,0,0
hurtful,a,0,0,0,0,0,0,0,0,1,0,0
hypersensitised,a,0,0,0,0,1,0,0,0,0,0,0
hypersensitive,a,0,0,0,0,1,0,0,0,0,0,0
hypersensitivity,n,0,0,0,0,1,0,0,0,0,0,0
hypersensitized,a,0,0,0,0,1,0,0,0,0,0,0
hysteria,n,0,0,0,0,1,0,0,0,0,0,0
hysterical,a,0,0,0,0,1,0,0,0,0,0,0
ill-tempered,a,0,1,0,0,0,0,0,0,0,0,0
impassioned,a,0,0,0,0,0,0,0,1,0,0,0
impassive,a,1,0,0,0,0,0,0,0,0,0,0
impassiveness,n,1,0,0,0,0,0,0,0,0,0,0
impassivity,n,1,0,0,0,0,0,0,0,0,0,0
impatience,n,0,1,0,0,0,0,0,0,0,0,0
impatient,a,0,1,0,0,0,0,0,0,0,0,0
imperil,v,0,0,0,0,1,0,0,0,0,0,0
impudent,a,0,1,0,0,0,0,0,0,0,0,0
impulse,n,0,0,0,0,0,0,0,1,0,0,0
impulsive,a,0,0,0,0,0,0,0,1,0,0,0
in-joke,n,0,0,0,0,0,0,0,1,0,0,0
inanition,n,0,0,0,0,0,0,0,0,1,0,0
incense,v,0,1,0,0,0,0,0,0,0,0,0
incensed,a,0,1,0,0,0,0,0,0,0,0,0
incisive,a,0,0,1,0,0,0,0,0,0,0,0
incitation,n,0,0,0,0,0,0,0,1,0,0,0
incite,v,0,0,0,0,0,0,0,1,0,0,0
incitement,n,0,0,0,0,0,0,0,1,0,0,0
inclination,n,0,0,0,0,0,0,0,1,0,0,0
incline,v,0,0,0,0,0,0,0,1,0,0,0
incredulity,n,0,0,0,0,0,0,0,0,1,0,0
incredulous,a,0,0,0,0,0,0,0,0,1,0,0
incumbrance,n,0,0,0,0,1,0,0,0,0,0,0
indifference,n,0.5,0,0,0,0,0,0,0,0.5,0,0
indifferent,a,0.5,0,0,0,0,0,0,0,0.5,0,0
indignant,a,0,1,0,0,0,0,0,0,0,0,0
indignation,n,0,0.5,0,0.5,0,0,0,0,0,0,0
indisposed,a,0,0.5,0,0.5,0,0,0,0,0,0,0
inebriate,v,0,0,0.25,0,0.25,0,0,0.25,0,0,0.25
inexorable,a,0,0,0,0,0,0,0,1,0,0,0
infatuate,v,0,0,0,0,0,0,0,1,0,0,0
infatuated,a,0,0,0,0,0,0,0,1,0,0,0
infatuation,n,0,0,0,0,0,0,0,1,0,0,0
inflame,v,0,0,0,0,0,0,0,1,0,0,0
inflaming,n,0,0,0,0,0,0,0,1,0,0,0
inflammation,n,0,0,0,0,0,0,0,1,0,0,0
inflict,v,0,0,0,0,0,0,0,0,1,0,0
infuriate,v,0,1,0,0,0,0,0,0,0,0,0
infuriated,a,0,1,0,0,0,0,0,0,0,0,0
infuriation,n,0,1,0,0,0,0,0,0,0,0,0
inimical,a,0,0.5,0,0.5,0,0,0,0,0,0,0
insecure,a,0,0,0,0,0.5,0,0,0,0.5,0,0
insecureness,n,0,0,0,0,0,0,0,0,1,0,0
insecurity,n,0,0,0,0,0.5,0,0,0,0.5,0,0
insolence,n,0,1,0,0,0,0,0,0,0,0,0
insolent,a,0,1,0,0,0,0,0,0,0,0,0
inspiration,n,0,0,0,0,0,0,0,1,0,0,0
inspire,v,0,0,0,0,0,0,0,1,0,0,0
instigate,v,0,0,0,0,0,0,0,1,0,0,0
insular,a,0,0,0,0,0,0,0,0,1,0,0
insularism,n,0,0,0,0,0,0,0,0,1,0,0
insularity,n,0,0,0,0,0,0,0,0,1,0,0
insulate,v,0,0,0,0,0,0,0,0,1,0,0
insulation,n,0,0,0,0,0,0,0,0,1,0,0
insult,n,0,0.5,0,0,0,0,0,0,0.5,0,0
insult,v,0,0.5,0,0,0,0,0,0,0.5,0,0
insulting,a,0,0,0,1,0,0,0,0,0,0,0
interdict,v,0,0,0,0,0,0,0,0,1,0,0
interest,n,0,0,0,0,0,0,1,0,0,0,0
interest,v,0,0,0,0,0,0,1,0,0,0,0
interfering,a,0,1,0,0,0,0,0,0,0,0,0
interoception,n,0,0,0,0,1,0,0,0,0,0,0
intimacy,n,0,0,0,0,0,0,0,1,0,0,0
intimate,a,0,0,0,0,0,0,0,1,0,0,0
intimidate,v,0,0,0,0,0.5,0,0,0,0.5,0,0
intimidation,n,0,0,0,0,0.5,0,0,0,0.5,0,0
intolerable,a,0,0.5,0,0,0,0,0,0,0.5,0,0
intolerance,n,0,0.5,0,0.5,0,0,0,0,0,0,0
intonate,v,0,0,0,0,1,0,0,0,0,0,0
intone,v,0,0,0,0,1,0,0,0,0,0,0
intransigent,a,0,0,0,0,0,0,0,1,0,0,0
intravasation,n,0,0,0,0,0,0,0,0,1,0,0
intrigue,n,0,0,0,0,0,0,0,1,0,0,0
intrigue,v,0,0,0,0,0,0,0,1,0,0,0
intrusive,a,0,1,0,0,0,0,0,0,0,0,0
intrusiveness,n,0,1,0,0,0,0,0,0,0,0,0
invective,n,0,0,0,0,0,0,0,0,1,0,0
irk,v,0,1,0,0,0,0,0,0,0,0,0
irksome,a,0,0,0,0,0,0,0,0,1,0,0
irresolution,n,0,0,0,0,0,0,0,0,1,0,0
irritability,n,0,1,0,0,0,0,0,0,0,0,0
irritable,a,0,1,0,0,0,0,0,0,0,0,0
irritate,v,0,1,0,0,0,0,0,0,0,0,0
irritation,n,0,1,0,0,0,0,0,0,0,0,0
islamophobia,n,0,0.5,0,0.5,0,0,0,0,0,0,0
jade,v,0,0,0,0,0,0,0,0,1,0,0
jealous,a,0,1,0,0,0,0,0,0,0,0,0
jealousy,n,0,0.333333333,0.333333333,0.333333333,0,0,0,0,0,0,0
jeopardise,v,0,0,0,0,1,0,0,0,0,0,0
jeopardize,v,0,0,0,0,1,0,0,0,0,0,0
jest,n,0,0,0,0,0,0,0,1,0,0,0
jest,v,0,0,0,0,0,0,0,1,0,0,0
jesting,a,0,0,0,0,0,0,0,1,0,0,0
jittery,a,0,0,0,0,1,0,0,0,0,0,0
jocose,a,0,0,0,0,0,0,0,1,0,0,0
jocular,a,0,0,0,0,0,0,0,1,0,0,0
jocularity,n,0,0,0,0,0,0,0,1,0,0,0
jocund,a,0,0,0,0,0,0,0,1,0,0,0
jocundity,n,0,0,0,0,0,0,0,1,0,0,0
joke,v,0,0,0,0,0,0,0,1,0,0,0
joking,a,0,0,0,0,0,0,0,1,0,0,0
jolliness,n,0,0,0,0,0,0,0,1,0,0,0
jollity,n,0,0,0,0,0,0,0,1,0,0,0
jolly,a,0,0,0,0,0,0,0,1,0,0,0
jovial,a,0,0,0,0,0,0,0,1,0,0,0
joviality,n,0,0,0,0,0,0,0,1,0,0,0
joy,n,0,0,0,0,0,0,0,1,0,0,0
joy,v,0,0,0,0,0,0,0,1,0,0,0
joyful,a,0,0,0,0,0,0,0,1,0,0,0
joyfulness,n,0,0,0,0,0,0,0,1,0,0,0
joyless,a,0,0,0,0,0,0,0,0,1,0,0
joylessness,n,0,0,0,0,0,0,0,0,1,0,0
joyous,a,0,0,0,0,0,0,0,1,0,0,0
jubilance,n,0,0,0,0,0,0,0,1,0,0,0
jubilancy,n,0,0,0,0,0,0,0,1,0,0,0
jubilant,a,0,0,0,0,0,0,0,1,0,0,0
jubilate,v,0,0,0.5,0,0,0,0,0.5,0,0,0
jubilation,n,0,0,0,0,0,0,0,1,0,0,0
jumpy,a,0,0,0,0,1,0,0,0,0,0,0
katzenjammer,n,0,0,0,0,0.5,0.5,0,0,0,0,0
keel,v,0,0,0,0,0,0,0,0,1,0,0
kind,a,0,0,0,0,0,0,0,1,0,0,0
kindle,v,0,0,0,0,0,0,0,1,0,0,0
kindness,n,0,0,0,0,0,0,0,1,0,0,0
lachrymose,a,0,0,0,0,0,0,0,0,1,0,0
lade,v,0,0,0,0,1,0,0,0,0,0,0
laden,v,0,0,0,0,1,0,0,0,0,0,0
lament,v,0,0,0,0,0,0,0,0,1,0,0
lamentable,a,0,0,0,0,0,0.5,0,0,0,0.5,0
languish,v,0,0,0,0,0,0,0,1,0,0,0
languor,n,1,0,0,0,0,0,0,0,0,0,0
lapidify,v,0,0,0,0,1,0,0,0,0,0,0
lash,v,0,0,0,0,0,0,0,0,1,0,0
lassitude,n,1,0,0,0,0,0,0,0,0,0,0
lather,n,0,1,0,0,0,0,0,0,0,0,0
lather,v,0,0.5,0,0,0,0,0,0,0.5,0,0
lathery,a,0,1,0,0,0,0,0,0,0,0,0
laugh,v,0,0,0,0,0,0,0,1,0,0,0
laughable,a,0,0,0,0,0,0,0,1,0,0,0
laugher,n,0,0,0,0,0,0,0,1,0,0,0
leery,a,0,0,0,0,1,0,0,0,0,0,0
lesion,n,0,0,0,0,0,0,0,0,1,0,0
letdown,n,0,0,0,0,0,0,0,0,1,0,0
liberate,v,0,0,0,0,0,0,0,1,0,0,0
liberty,n,0,0,0,0,0,0,0,1,0,0,0
like,v,0,0,0,0,0,0,0,1,0,0,0
listless,a,0.5,0,0,0,0,0,0,0,0.5,0,0
listlessness,n,1,0,0,0,0,0,0,0,0,0,0
livid,a,0,1,0,0,0,0,0,0,0,0,0
lividity,n,0,1,0,0,0,0,0,0,0,0,0
load,v,0,0,0,0,1,0,0,0,0,0,0
loaded,a,0,0,0,0,0,0,0,0,0,0,0
loath,a,0,0.5,0,0.5,0,0,0,0,0,0,0
loathe,v,0,0.5,0,0.5,0,0,0,0,0,0,0
loathing,n,0,0.5,0,0.5,0,0,0,0,0,0,0
logginess,n,0,0,0,0,0,0,0,0,1,0,0
loginess,n,0,0,0,0,0,0,0,0,1,0,0
logy,a,0,0,0,0,0,0,0,0,1,0,0
loneliness,n,0,0,0,0,0,0,0,0,1,0,0
lonely,a,0,0,0,0,0,0,0,0,1,0,0
lonesome,a,0,0,0,0,0,0,0,0,1,0,0
long,v,0,0,0,0,0,0,0,1,0,0,0
loth,a,0,0.5,0,0.5,0,0,0,0,0,0,0
love,n,0,0,0,0,0,0,0,1,0,0,0
love,v,0,0,0,0,0,0,0,1,0,0,0
lovesick,a,0,0,0,0,0,0,0,0,1,0,0
lovesome,a,0,0,0,0,0,0,0,0.5,0.5,0,0
loving,a,0,0,0,0,0,0,0,1,0,0,0
loving-kindness,n,0,0,0,0,0,0,0,1,0,0,0
lovingness,n,0,0,0,0,0,0,0,1,0,0,0
low-spirited,a,0,0,0,0,0,0,0,0,1,0,0
low-spiritedness,n,0,0,0,0,0,0,0,0,1,0,0
lowering,a,0,0,0,0,0,0,0,0,1,0,0
ludicrous,a,0,1,0,0,0,0,0,0,0,0,0
lurch,n,0,0,0,0,0,0,0,0,1,0,0
lurch,v,0,0,0,0,0,0,0,0,1,0,0
lust,n,0,0,0,0,0,0,0,1,0,0,0
lust,v,0,0,0,0,0,0,0,1,0,0,0
lustful,a,0,0,0,0,0,0,0,1,0,0,0
lusty,a,0,0,0,0,0,0,0,1,0,0,0
luxate,v,0,0,0,0,0,0,0,0,1,0,0
mad,a,0,1,0,0,0,0,0,0,0,0,0
maddened,a,0,1,0,0,0,0,0,0,0,0,0
madness,n,0,1,0,0,0,0,0,0,0,0,0
malaise,n,0,0,0,0,0.5,0.5,0,0,0,0,0
malevolence,n,0,0.5,0,0.5,0,0,0,0,0,0,0
malevolent,a,0,0.5,0,0.5,0,0,0,0,0,0,0
malice,n,0,1,0,0,0,0,0,0,0,0,0
malicious,a,0,1,0,0,0,0,0,0,0,0,0
malignity,n,0,0.5,0,0.5,0,0,0,0,0,0,0
marvel,v,0,0,0,0,0,0,0,0,0,0,1
mash,v,0,0,0,0,0,0,0,1,0,0,0
maudlin,a,0,0,0,0,0,0,0,1,0,0,0
mawkish,a,0,0,0,0,0,0,0,1,0,0,0
meddlesome,a,0,1,0,0,0,0,0,0,0,0,0
meddlesomeness,n,0,1,0,0,0,0,0,0,0,0,0
meddling,a,0,1,0,0,0,0,0,0,0,0,0
meditative,a,0,0,0,0,0,0,0,0,1,0,0
megrims,n,0,0,0,0,0,0,0,0,1,0,0
melancholia,n,0,0,0,0,0,0,0,0,1,0,0
melancholic,a,0,0,0,0,0,0,0,0,1,0,0
melancholy,n,0,0,0,0,0,0,0,0,1,0,0
melancholy,a,0,0,0,0,0,0,0,0,1,0,0
menace,v,0,0,0,0,1,0,0,0,0,0,0
merciful,a,0,0,0,0,0,0,0,0.5,0.5,0,0
mercifulness,n,0,0,0,0,0,0,0,0.5,0.5,0,0
mercy,n,0,0,0,0,0,0,0,0.5,0.5,0,0
meritless,a,0,0,0,0,0,0.5,0,0,0,0.5,0
merrily,a,0,0,0,0,0,0,0,1,0,0,0
merriment,n,0,0,0,0,0,0,0,1,0,0,0
merry,a,0,0,0,0,0,0,0,1,0,0,0
mewl,v,0,0,0,0,0,0,0,0,1,0,0
miff,n,0,1,0,0,0,0,0,0,0,0,0
miff,v,0,1,0,0,0,0,0,0,0,0,0
militance,n,0,1,0,0,0,0,0,0,0,0,0
militancy,n,0,1,0,0,0,0,0,0,0,0,0
militant,a,0,1,0,0,0,0,0,0,0,0,0
mirth,n,0,0,0,0,0,0,0,1,0,0,0
mirthful,a,0,0,0,0,0,0,0,1,0,0,0
mirthfulness,n,0,0,0,0,0,0,0,1,0,0,0
misanthropic,a,0,0.5,0,0.5,0,0,0,0,0,0,0
misanthropical,a,0,0.5,0,0.5,0,0,0,0,0,0,0
misanthropy,n,0,0.5,0,0.5,0,0,0,0,0,0,0
miserable,a,0,0,0,0,0,0,0,0,1,0,0
misery,n,0,0,0,0,0,0,0,0,1,0,0
misfortunate,a,0,0,0,0,0.333333333,0.333333333,0,0,0.333333333,0,0
misgive,v,0,0,0,0,0.5,0,0,0,0.5,0,0
misgiving,n,0,0,0,0,0.5,0,0,0,0.5,0,0
misogamy,n,0,0.5,0,0.5,0,0,0,0,0,0,0
misogynic,a,0,0.5,0,0.5,0,0,0,0,0,0,0
misogynism,n,0,0.5,0,0.5,0,0,0,0,0,0,0
misogynistic,a,0,0.5,0,0.5,0,0,0,0,0,0,0
misogynous,a,0,0.5,0,0.5,0,0,0,0,0,0,0
misogyny,n,0,0.5,0,0.5,0,0,0,0,0,0,0
misology,n,0,0.5,0,0.5,0,0,0,0,0,0,0
misoneism,n,0,0.5,0,0.5,0,0,0,0,0,0,0
misopedia,n,0,0.5,0,0.5,0,0,0,0,0,0,0
miss,v,0,0,0,0,0,0,0,0,1,0,0
mistrust,n,0,0,0,0,0,0,0,0,1,0,0
mistrust,v,0,0,0,0,0,0,0,0,1,0,0
mistrustful,a,0,0,0,0,1,0,0,0,0,0,0
monomania,n,0,0,0,0,0,0,0,1,0,0,0
monomaniacal,a,0,0,0,0,0,0,0,1,0,0,0
moodiness,n,0,0,0,0,0,0,0,0,1,0,0
moody,a,0,0,0,0,0,0,0,0,1,0,0
moot,v,0,0,0,0,0,0,0,1,0,0,0
mop,v,0,0.5,0,0,0,0,0,0,0.5,0,0
mordant,a,0,0,0,0,0,0,0,0,1,0,0
morose,a,0,0,0,0,0,0,0,0,1,0,0
moroseness,n,0,0,0,0,0,0,0,0,1,0,0
mortification,n,0,0,0,0,0.333333333,0,0,0,0.333333333,0.333333333,0
mortify,v,0,0,0,0,0.333333333,0,0,0,0.333333333,0.333333333,0
motivate,v,0,0,0,0,0,0,0,1,0,0,0
mourn,v,0,0,0,0,0,0,0,0,1,0,0
mourner,n,0,0,0,0,0,0,0,0,1,0,0
mournful,a,0,0,0,0,0,0,0,0,1,0,0
mournfulness,n,0,0,0,0,0,0,0,0,1,0,0
mourning,n,0,0,0,0,0,0,0,0,1,0,0
mouse,v,0,0,0,0,1,0,0,0,0,0,0
mow,v,0,0.5,0,0,0,0,0,0,0.5,0,0
murderous,a,0,0.5,0,0.5,0,0,0,0,0,0,0
murderousness,n,0,0.5,0,0.5,0,0,0,0,0,0,0
musing,a,0,0,0,0,0,0,0,0,1,0,0
mystic,a,0,0,0.5,0,0,0,0,0.5,0,0,0
mystical,a,0,0,0.5,0,0,0,0,0.5,0,0,0
mysticism,n,0,0,0.5,0,0,0,0,0.5,0,0,0
mystify,v,0,0,0,0,0,0,0,0,0,0,1
nausea,n,0,0,0,1,0,0,0,0,0,0,0
nauseate,v,0,0,0,1,0,0,0,0,0,0,0
nauseated,a,0,0,0,1,0,0,0,0,0,0,0
nauseous,a,0,0,0,1,0,0,0,0,0,0,0
nervous,a,0,0.5,0,0,0.5,0,0,0,0,0,0
nervously,r,0,0,0,0,1,0,0,0,0,0,0
nervousness,n,0,0,0,0,1,0,0,0,0,0,0
nervy,a,0,0,0,0,1,0,0,0,0,0,0
nettle,v,0,1,0,0,0,0,0,0,0,0,0
nettlesome,a,0,1,0,0,0,0,0,0,0,0,0
neurotic,a,0,0,0,0,1,0,0,0,0,0,0
niggle,v,0,1,0,0,0,0,0,0,0,0,0
nix,v,0,0,0,0,0,0,0,0,1,0,0
nonacceptance,n,0,0,0,0,0,0,0,0,1,0,0
nongregarious,a,0,0,0,0,0,0,0,0,1,0,0
nostalgia,n,0,0,0,0,0,0,0,1,0,0,0
nostalgic,a,0,0,0,0,0,0,0,1,0,0,0
obduracy,n,0,0,0,0,0,0,0,1,0,0,0
obscene,a,0,0.5,0,0.5,0,0,0,0,0,0,0
odium,n,0,0.5,0,0.5,0,0,0,0,0,0,0
offence,n,0,1,0,0,0,0,0,0,0,0,0
offend,v,0,0.25,0,0,0.25,0,0,0,0.25,0,0.25
offended,a,0,1,0,0,0,0,0,0,0,0,0
offense,n,0,1,0,0,0,0,0,0,0,0,0
officious,a,0,1,0,0,0,0,0,0,0,0,0
officiousness,n,0,1,0,0,0,0,0,0,0,0,0
okay,v,0,0,0,0,0,0,0,1,0,0,0
open-eyed,a,0,0,1,0,0,0,0,0,0,0,0
oppress,v,0,0,0,0,0,0,0,0,1,0,0
oppression,n,0,0,0,0,0,0,0,0,1,0,0
oppressive,a,0,0,0,0,0,0,0,0,1,0,0
opprobrious,a,0,0,0,0,0,0,0,0,1,0,0
optimism,n,0,0,0,0,0,0,0,1,0,0,0
optimistic,a,0,0,0,0,0,0,0,1,0,0,0
ostracise,v,0,0,0,0,0,0,0,0,1,0,0
ostracize,v,0,0,0,0,0,0,0,0,1,0,0
outcry,n,0,1,0,0,0,0,0,0,0,0,0
outcry,v,0,1,0,0,0,0,0,0,0,0,0
outrage,n,0,1,0,0,0,0,0,0,0,0,0
outrage,v,0,0.25,0,0,0.25,0,0,0,0.25,0,0.25
outraged,a,0,1,0,0,0,0,0,0,0,0,0
outshout,v,0,1,0,0,0,0,0,0,0,0,0
overanxiety,n,0,0,0.5,0,0.5,0,0,0,0,0,0
overjoyed,a,0,0,0,0,0,0,0,1,0,0,0
overleap,v,0,0,0,0,0,0,0,0,1,0,0
overstrung,a,0,0,0,0,1,0,0,0,0,0,0
pain,v,0,0,0,0,0.5,0,0,0,0.5,0,0
pall,v,0,0,0.5,0,0.5,0,0,0,0,0,0
panic,n,0,0,0.5,0,0.5,0,0,0,0,0,0
panic,v,0,0,0.5,0,0.5,0,0,0,0,0,0
panic-stricken,a,0,0,0.5,0,0.5,0,0,0,0,0,0
panic-struck,a,0,0,0.5,0,0.5,0,0,0,0,0,0
panicked,a,0,0,0.5,0,0.5,0,0,0,0,0,0
panicky,a,0,0,0.5,0,0.5,0,0,0,0,0,0
paranoia,n,0,0,0,0,1,0,0,0,0,0,0
paranoid,a,0,0,0,0,0.5,0,0,0,0.5,0,0
parky,a,0,0,0,0,1,0,0,0,0,0,0
parlous,a,0,0,0,0,1,0,0,0,0,0,0
passion,n,0,0,0,0,0,0,0,0.5,0.5,0,0
passionate,a,0,0,0,0,0,0,0,1,0,0,0
passionless,a,1,0,0,0,0,0,0,0,0,0,0
pathetic,a,0,0,0,0,0.333333333,0.333333333,0,0,0.333333333,0,0
peckish,a,0,1,0,0,0,0,0,0,0,0,0
peevish,a,0,1,0,0,0,0,0,0,0,0,0
penance,n,0,0,0,0,0,0.5,0,0,0,0.5,0
penchant,n,0,0,0,0,0,0,0,1,0,0,0
penitence,n,0,0,0,0,0,0.5,0,0,0,0.5,0
penitent,a,0,0,0,0,0,0.5,0,0,0,0.5,0
penitent,n,0,0,0,0,0,1,0,0,0,0,0
penitential,a,0,0,0,0,0,0.5,0,0,0,0.5,0
penitentiary,a,0,0,0,0,0,0.5,0,0,0,0.5,0
perfervid,a,0,0,0,0,0,0,0,1,0,0,0
peril,n,0,0,0,0,1,0,0,0,0,0,0
peril,v,0,0,0,0,1,0,0,0,0,0,0
perilous,a,0,0,0,0,1,0,0,0,0,0,0
perilousness,n,0,0,0,0,1,0,0,0,0,0,0
perplex,v,0,0,0,0,0,0,0,0,0,0,1
persistent,a,0,0,0,0,0,0,0,1,0,0,0
pertinacious,a,0,0,0,0,0,0,0,1,0,0,0
perturb,v,0,1,0,0,0,0,0,0,0,0,0
perturbation,n,0,1,0,0,0,0,0,0,0,0,0
petrifaction,n,0,0,0,0,1,0,0,0,0,0,0
petrified,a,0,0,0,0,1,0,0,0,0,0,0
petrify,v,0,0,0,0,1,0,0,0,0,0,0
pettish,a,0,1,0,0,0,0,0,0,0,0,0
petulant,a,0,1,0,0,0,0,0,0,0,0,0
phaneromania,n,0,0,0,0,0,0,0,1,0,0,0
philander,v,0,0,0,0,0,0,0,1,0,0,0
philhellenism,n,0,0,0,0,0,0,0,1,0,0,0
philogyny,n,0,0,0,0,0,0,0,1,0,0,0
phlegm,n,1,0,0,0,0,0,0,0,0,0,0
phlegmatic,a,1,0,0,0,0,0,0,0,0,0,0
phlegmatical,a,1,0,0,0,0,0,0,0,0,0,0
phobia,n,0,0,0,0,1,0,0,0,0,0,0
phobic,a,0,0,0,0,1,0,0,0,0,0,0
piercing,a,0,0,1,0,0,0,0,0,0,0,0
pinch,n,0,0,0,0,0,0,0,0,1,0,0
pine,v,0,0,0,0,0,0,0,1,0,0,0
pining,n,0,0,0,0,0,0,0,1,0,0,0
pique,n,0,1,0,0,0,0,0,0,0,0,0
piteous,a,0,0,0,0,0.333333333,0.333333333,0,0,0.333333333,0,0
pitiable,a,0,0,0,0,0.333333333,0.333333333,0,0,0.333333333,0,0
pitiful,a,0,0,0,0,0.25,0.25,0,0,0.25,0.25,0
pity,n,0,0,0,0,0,0,0,0,1,0,0
pity,v,0,0,0,0,0,0,0,0.5,0.5,0,0
placid,a,0.5,0,0,0,0,0,0,0.5,0,0,0
placidity,n,1,0,0,0,0,0,0,0,0,0,0
plague,n,0,0,0,0,0,0,0,0,1,0,0
plague,v,0,0,0,0,0,0,0,0,1,0,0
plaintive,a,0,0,0,0,0,0,0,0,1,0,0
pleasant,a,0,0,0,0,0,0,0,1,0,0,0
pleasantness,n,0,0,0,0,0,0,0,1,0,0,0
pleased,a,0,0,0,0,0,0,0,1,0,0,0
pleasurable,a,0,0,0,0,0,0,0,1,0,0,0
pleasure,n,0,0,0,0,0,0,0,1,0,0,0
poise,n,1,0,0,0,0,0,0,0,0,0,0
pooh-pooh,v,0,0,0,0,0,0,0,0,1,0,0
positiveness,n,0,0,0,0,0,0,0,1,0,0,0
positivity,n,0.5,0,0,0,0,0,0,0.5,0,0,0
pother,n,0,1,0,0,0,0,0,0,0,0,0
pother,v,0,1,0,0,0,0,0,0,0,0,0
potty,a,0,0,0,0,0,0,0,1,0,0,0
pout,n,0,0.5,0,0,0,0,0,0,0.5,0,0
pout,v,0,0.5,0,0,0,0,0,0,0.5,0,0
precarious,a,0,0,0,0,1,0,0,0,0,0,0
predilection,n,0,0,0,0,0,0,0,1,0,0,0
preference,n,0,0,0,0,0,0,0,1,0,0,0
prejudice,n,0,0.5,0,0.5,0,0,0,0,0,0,0
prejudice,v,0,0.5,0,0.5,0,0,0,0,0,0,0
prejudicial,a,0,0.5,0,0.5,0,0,0,0,0,0,0
prejudicious,a,0,0.5,0,0.5,0,0,0,0,0,0,0
premonition,n,0,0,0,0,1,0,0,0,0,0,0
prepossess,v,0,0.5,0,0.5,0,0,0,0,0,0,0
presentiment,n,0,0,0,0,1,0,0,0,0,0,0
pretermit,v,0,0,0,0,0,0,0,0,1,0,0
prevail,v,0,0,0,0,0,0,0,1,0,0,0
prick,v,0,0,0,0,0,0,0,0,1,0,0
prickle,v,0,0,0,0,0.5,0,0,0,0,0,0.5
pride,n,0,0,0,0,0,0,0,1,0,0,0
pride,v,0,0,0,0,0,0,0,1,0,0,0
prideful,a,0,0,0,0,0,0,0,1,0,0,0
prise,v,0,0,0,0,0,0,0,1,0,0,0
prize,v,0,0,0,0,0,0,0,1,0,0,0
prod,v,0,0,0,0,0,0,0,1,0,0,0
protective,a,0,0,0,0,0,0,0,1,0,0,0
protectiveness,n,0,0,0,0,0,0,0,1,0,0,0
proud,a,0,0,0,0,0,0,0,1,0,0,0
pule,v,0,0,0,0,0,0,0,0,1,0,0
puzzle,v,0,0,0,0,0,0,0,0,0,0,1
quail,v,0,0,0,0,0,0,0,0,1,0,0
qualm,n,0,0,0,0,1,0,0,0,0,0,0
quash,v,0,0.5,0,0,0,0,0,0,0.5,0,0
queasy,a,0,0,0,0.5,0.5,0,0,0,0,0,0
questioning,a,0,0,0,0,0,0,0,0,1,0,0
quiver,n,0,0,0,0,1,0,0,0,0,0,0
radiance,n,0,0,0,0,0,0,0,1,0,0,0
rage,n,0,1,0,0,0,0,0,0,0,0,0
rage,v,0,1,0,0,0,0,0,0,0,0,0
raging,a,0,1,0,0,0,0,0,0,0,0,0
ramp,v,0,1,0,0,0,0,0,0,0,0,0
rapt,a,0,0,0,0,0,0,0,1,0,0,0
ravage,v,0,0,0,0,0,0,0,0,1,0,0
ravish,v,0,0,0,0,0,0,0.5,0.5,0,0,0
ravishment,n,0,0,0,0,0,0,0.5,0.5,0,0,0
razz,v,0,1,0,0,0,0,0,0,0,0,0
reactive,a,0,0,0,0,1,0,0,0,0,0,0
rebuff,n,0,1,0,0,0,0,0,0,0,0,0
rebuff,v,0,1,0,0,0,0,0,0,0,0,0
recant,v,0,0,0,0,0,0,0,0,1,0,0
recognition,n,0.5,0,0,0,0,0,0,0.5,0,0,0
recoil,v,0,0,0,0,0,0,0,0,1,0,0
recumb,v,1,0,0,0,0,0,0,0,0,0,0
reel,v,0,0,0,0,0,0,0,0,1,0,0
reflective,a,0,0,0,0,0,0,0,0,1,0,0
refractory,a,0,0,0,0,0,0,0,1,0,0,0
refuse,v,0,0,0,0,0,0,0,0,1,0,0
regard,n,0,0,0,0,0,0,0,1,0,0,0
regret,n,0,0,0,0,0,0,0,0,0.5,0.5,0
regret,v,0,0,0,0,0,0.333333333,0,0,0.333333333,0.333333333,0
regrettable,a,0,0,0,0,0,0,0,0,1,0,0
reject,v,0,0,0,0,0,0,0,0,1,0,0
rejection,n,0,0,0,0,0,0,0,0,1,0,0
rejoice,v,0,0,0.5,0,0,0,0,0.5,0,0,0
rejoicing,a,0,0,0,0,0,0,0,1,0,0,0
relax,v,0,0,0,0,0,0,0,1,0,0,0
relaxation,n,0,0,0,0,0,0,0,1,0,0,0
relief,n,0,0,0,0,0,0,0,1,0,0,0
relieve,v,0,0,0,0,0,0,0,1,0,0,0
relieved,a,0,0,0,0,0,0,0,1,0,0,0
relish,n,0,0,0.5,0,0,0,0,0.5,0,0,0
relish,v,0,0,0.5,0,0,0,0,0.5,0,0,0
remorse,n,0,0,0,0,0,0.333333333,0,0,0.333333333,0.333333333,0
remorseful,a,0,0,0,0,0,0,0,0,0.5,0.5,0
renounce,v,0,0,0,0,0,0,0,0,1,0,0
renunciation,n,0,0,0,0,0,0,0,0,1,0,0
repel,v,0,0.5,0,0.5,0,0,0,0,0,0,0
repelled,a,0,0,0,1,0,0,0,0,0,0,0
repent,v,0,0,0,0,0,0.333333333,0,0,0.333333333,0.333333333,0
repentance,n,0,0,0,0,0,0.5,0,0,0,0.5,0
repentant,a,0,0,0,0,0,0.5,0,0,0,0.5,0
repose,n,1,0,0,0,0,0,0,0,0,0,0
repose,v,1,0,0,0,0,0,0,0,0,0,0
repress,v,0,0.5,0,0,0,0,0,0,0.5,0,0
repression,n,0,0.5,0,0,0,0,0,0,0.5,0,0
reproach,n,0,0,0,1,0,0,0,0,0,0,0
reprobate,v,0,0.5,0,0.5,0,0,0,0,0,0,0
reprobation,n,0,0.5,0,0.5,0,0,0,0,0,0,0
repudiate,v,0,0,0,0,0,0,0,0,1,0,0
repugnance,n,0,0,0,1,0,0,0,0,0,0,0
repugnant,a,0,0.5,0,0.5,0,0,0,0,0,0,0
repulsion,n,0,0,0,1,0,0,0,0,0,0,0
repulsive,a,0,0.5,0,0.5,0,0,0,0,0,0,0
resent,v,0,1,0,0,0,0,0,0,0,0,0
resentful,a,0,1,0,0,0,0,0,0,0,0,0
resentment,n,0,1,0,0,0,0,0,0,0,0,0
reservation,n,0,0,0,0,0,0,0,0,1,0,0
resile,v,0,0,0,0,0,0,0,0,1,0,0
resolve,n,0,0,0,0,0,0,0,1,0,0,0
resolved,a,0,0,0,0,0,0,0,1,0,0,0
resound,v,0,1,0,0,0,0,0,0,0,0,0
respect,n,0,0,0,0,0,0,0,1,0,0,0
respect,v,0,0,0,0,0,0,0,1,0,0,0
respite,n,0,0,0,0,0,0,0,1,0,0,0
responsive,a,0,0,0,0,1,0,0,0,0,0,0
responsiveness,n,0,0,0,0,1,0,0,0,0,0,0
restful,a,0,0,0,0,0,0,0,1,0,0,0
restive,a,0,0,0,0,1,0,0,0,0,0,0
restless,a,0,1,0,0,0,0,0,0,0,0,0
restlessness,n,0,1,0,0,0,0,0,0,0,0,0
restrain,v,0,0,0,0,0.5,0,0,0,0.5,0,0
retract,v,0,0,0,0,0,0,0,0,1,0,0
revel,v,0,0,0,0,0,0,0.5,0.5,0,0,0
revelatory,a,0,0,0,0,0,0,0,0,1,0,0
revengeful,a,0,1,0,0,0,0,0,0,0,0,0
revile,v,0,0,0,0,0,0,0,0,1,0,0
revolt,v,0,0,0,1,0,0,0,0,0,0,0
revoltingly,r,0,0,0,1,0,0,0,0,0,0,0
revulsion,n,0,0.5,0,0.5,0,0,0,0,0,0,0
rhapsodic,a,0,0,0,0,0,0,0,1,0,0,0
ridicule,n,0,1,0,0,0,0,0,0,0,0,0
ridicule,v,0,1,0,0,0,0,0,0,0,0,0
ridiculous,a,0,1,0,0,0,0,0,0,0,0,0
rile,v,0,1,0,0,0,0,0,0,0,0,0
riot,n,0,0.5,0,0,0,0,0,0.5,0,0,0
riot,v,0,0.5,0,0,0,0,0,0.5,0,0,0
riotous,a,0,0.5,0,0,0,0,0,0.5,0,0,0
risible,a,0,0,0,0,0,0,0,1,0,0,0
riskiness,n,0,0,0,0,1,0,0,0,0,0,0
risky,a,0,0,0,0,1,0,0,0,0,0,0
roar,n,0,1,0,0,0,0,0,0,0,0,0
roar,v,0,0.333333333,0,0,0,0,0,0.333333333,0.333333333,0,0
roaring,n,0,1,0,0,0,0,0,0,0,0,0
roast,v,0,1,0,0,0,0,0,0,0,0,0
romance,n,0,0,0,0,0,0,0,1,0,0,0
romance,v,0,0,0,0,0,0,0,1,0,0,0
romantic,a,0,0,0,0,0,0,0,1,0,0,0
romanticize,v,0,0,0,0,0,0,0,1,0,0,0
romp,n,0,0,0,0,0,0,0,1,0,0,0
romp,v,0,0,0,0,0,0,0,1,0,0,0
roughshod,a,0,1,0,0,0,0,0,0,0,0,0
rouse,v,0,0,0,0,0,0,0,1,0,0,0
rout,n,0,0,0,0,0,0,0,0,1,0,0
rub,v,0,0.5,0,0,0,0,0,0.5,0,0,0
rue,n,0,0,0,0,0,0,0,0,1,0,0
rue,v,0,0,0,0,0,0.333333333,0,0,0.333333333,0.333333333,0
rueful,a,0,0,0,0,0,0,0,0,0.5,0.5,0
ruefulness,n,0,0,0,0,0,0,0,0,1,0,0
ruminative,a,0,0,0,0,0,0,0,0,1,0,0
rupture,n,0,0,0,0,0,0,0,0,1,0,0
rupture,v,0,0,0,0,0,0,0,0,1,0,0
rush,v,0,0,0.5,0,0,0,0,0,0,0,0.5
ruthful,a,0,0,0,0,0,0,0,0,0.5,0.5,0
ruthfulness,n,0,0,0,0,0,0,0,0,1,0,0
sad,a,0,0,0,0,0,0,0,0,1,0,0
sadness,n,0,0,0,0,0,0,0,0,1,0,0
sang-froid,n,1,0,0,0,0,0,0,0,0,0,0
sanguine,a,0,0,0,0,0,0,0,1,0,0,0
sanguineness,n,0,0,0,0,0,0,0,1,0,0,0
sanguinity,n,0,0,0,0,0,0,0,1,0,0,0
satisfaction,n,0.5,0,0,0,0,0,0,0.5,0,0,0
satisfied,a,0,0,0,0,0,0,0,1,0,0,0
satisfy,v,0,0,0,0,0,0,0,1,0,0,0
saturnine,a,0,0,0,0,0,0,0,0,1,0,0
savage,a,0,1,0,0,0,0,0,0,0,0,0
savageness,n,0,1,0,0,0,0,0,0,0,0,0
savagery,n,0,1,0,0,0,0,0,0,0,0,0
savor,v,0,0,0.5,0,0,0,0,0.5,0,0,0
savour,v,0,0,0.5,0,0,0,0,0.5,0,0,0
scandalise,v,0,0.25,0,0,0.25,0,0,0,0.25,0,0.25
scandalize,v,0,0.25,0,0,0.25,0,0,0,0.25,0,0.25
scare,n,0,0,0,0,1,0,0,0,0,0,0
scare,v,0,0,0,0,1,0,0,0,0,0,0
scared,a,0,0,0,0,1,0,0,0,0,0,0
scarey,a,0,0,0,0,1,0,0,0,0,0,0
scary,a,0,0,0,0,1,0,0,0,0,0,0
sceptical,a,0,0,0,0,0,0,0,0,1,0,0
schadenfreude,n,0,0.333333333,0,0,0,0,0.333333333,0.333333333,0,0,0
scorn,n,0,0.5,0,0.5,0,0,0,0,0,0,0
scorn,v,0,0.333333333,0,0.333333333,0,0,0,0,0.333333333,0,0
scornful,a,0,0,0,1,0,0,0,0,0,0,0
scotch,v,0,0.5,0,0,0,0,0,0,0.5,0,0
scourge,v,0,0,0,0,0,0.5,0,0,0.5,0,0
scurrility,n,0,0,0,0,0,0,0,0,1,0,0
scurrilous,a,0,0,0,0,0,0,0,0,1,0,0
self-anger,n,0,0,0,0,0,1,0,0,0,0,0
self-blame,n,0,0,0,0,0,0,0,0,0,1,0
self-command,n,0,0,0,0,0,0,0,1,0,0,0
self-complacency,n,0,0,0,0,0,0,0,1,0,0,0
self-complacent,a,0,0,0,0,0,0,0,1,0,0,0
self-conceited,a,0,0,0,0,0,0,0,1,0,0,0
self-condemnation,n,0,0,0,0,0,0,0,0,0,1,0
self-conscious,a,0,0,0,0,0,0,0,0,0.5,0.5,0
self-consciousness,n,0,0,0,0,0,0,0,0,0.5,0.5,0
self-control,n,0,0,0,0,0,0,0,1,0,0,0
self-disgust,n,0,0,0,0,0,0,0,0,0,1,0
self-distrust,n,0,0,0,0,1,0,0,0,0,0,0
self-doubt,n,0,0,0,0,1,0,0,0,0,0,0
self-esteem,n,0,0,0,0,0,0,0,1,0,0,0
self-governing,a,0,0,0,0,0,0,0,1,0,0,0
self-hatred,n,0,0,0,0,0,0,0,0,0,1,0
self-importance,n,0,0,0,0,0,0,0,1,0,0,0
self-important,a,0,0,0,0,0,0,0,1,0,0,0
self-love,n,0,0,0,0,0,0,0,1,0,0,0
self-loving,a,0,0,0,0,0,0,0,1,0,0,0
self-pity,n,0,0,0,0,0,0,0,0,1,0,0
self-possession,n,0,0,0,0,0,0,0,1,0,0,0
self-pride,n,0,0,0,0,0,0,0,1,0,0,0
self-regard,n,0,0,0,0,0,0,0,1,0,0,0
self-reproach,n,0,0,0,0.333333333,0,0,0,0,0.333333333,0.333333333,0
self-reproof,n,0,0,0,1,0,0,0,0,0,0,0
self-respect,n,0,0,0,0,0,0,0,1,0,0,0
self-satisfaction,n,0,0,0,0,0,0,0,1,0,0,0
self-satisfied,a,0,0,0,0,0,0,0,1,0,0,0
self-torment,n,0,0,0,0,1,0,0,0,0,0,0
self-torture,n,0,0,0,0,1,0,0,0,0,0,0
self-will,n,0,0,0,0,0,0,0,1,0,0,0
self-worth,n,0,0,0,0,0,0,0,1,0,0,0
sensibilise,v,0,0,0,0,0,0,0,1,0,0,0
sensibilize,v,0,0,0,0,0,0,0,1,0,0,0
sensify,v,0,0,0,0,0,0,0,1,0,0,0
sensitise,v,0,0,0,0,0,0,0,1,0,0,0
sensitised,a,0,0,0,0,1,0,0,0,0,0,0
sensitive,a,0,0,0,0,1,0,0,0,0,0,0
sensitivity,n,0,0,0,0,1,0,0,0,0,0,0
sensitize,v,0,0,0,0,0,0,0,1,0,0,0
sensitized,a,0,0,0,0,1,0,0,0,0,0,0
sentimental,a,0,0,0,0,0,0,0,1,0,0,0
sentimentalism,n,0,0,0,0,0,0,0,1,0,0,0
sentimentality,n,0,0,0,0,0,0,0,1,0,0,0
serene,a,1,0,0,0,0,0,0,0,0,0,0
serenity,n,0.5,0,0,0,0,0,0,0.5,0,0,0
shame,n,0,0,0,0,0,0,0,0,0,1,0
shame,v,0,0,0,0,0,0,0,0,0,1,0
shamed,a,0,0,0,0,0,0,0,0,0.5,0.5,0
shamefaced,a,0,0,0,0,0,0,0,0,0.5,0.5,0
shamefacedness,n,0,0,0,0,0,0,0,0,0.5,0.5,0
shameful,a,0,0,0,0,0,0,0,0,0,1,0
shamelesness,n,0,0,0,0,0,0,0,1,0,0,0
sheepish,a,0,0,0,0,0,0,0,0,0.5,0.5,0
sheepishness,n,0,0,0,0,0,0,0,0,0.5,0.5,0
shirty,a,0,1,0,0,0,0,0,0,0,0,0
shiver,n,0,0,0,0,1,0,0,0,0,0,0
shiver,v,0,0,0,0,1,0,0,0,0,0,0
shivery,a,0,0,0.5,0,0.5,0,0,0,0,0,0
shock,n,0,0,0,0,0.333333333,0,0,0,0.333333333,0,0.333333333
shock,v,0,0.25,0,0,0.25,0,0,0,0.25,0,0.25
shocked,a,0,0,0,0,0,0,0,0,0.5,0,0.5
shocking,a,0,0,0,0,0,0,0,0,0.5,0,0.5
shockingly,r,0,0,0,0,0,0,0,0,0.5,0,0.5
shoo-in,n,0,0,0,0,0,0,0,1,0,0,0
shriek,n,0,1,0,0,0,0,0,0,0,0,0
shriek,v,0,1,0,0,0,0,0,0,0,0,0
shrieking,n,0,1,0,0,0,0,0,0,0,0,0
shrill,v,0,1,0,0,0,0,0,0,0,0,0
shrink,v,0,0,0,0,0,0,0,0,1,0,0
shudder,n,0,0,0,0,1,0,0,0,0,0,0
shudder,v,0,0,0,0,1,0,0,0,0,0,0
shuddery,a,0,0,0.5,0,0.5,0,0,0,0,0,0
shun,v,0,0,0,0,0,0,0,0,1,0,0
shunning,n,0,0,0,0,0,0,0,0,1,0,0
shutout,n,0,0,0,0,0,0,0,0,1,0,0
shy,a,0,0,0,0,1,0,0,0,0,0,0
shyness,n,0,0,0,0,1,0,0,0,0,0,0
sibilate,v,0,1,0,0,0,0,0,0,0,0,0
sicken,v,0,0,0,1,0,0,0,0,0,0,0
simper,n,0,0,0,0,0,0,0,1,0,0,0
simper,v,0,0,0,0,0,0,0,1,0,0,0
siss,v,0,1,0,0,0,0,0,0,0,0,0
sizz,v,0,1,0,0,0,0,0,0,0,0,0
skeptical,a,0,0,0,0,0,0,0,0,1,0,0
skepticism,n,0,0,0,0,0,0,0,0,1,0,0
skirt,v,0,0,0,0,0,0,0,0,1,0,0
skreak,v,0,1,0,0,0,0,0,0,0,0,0
skunk,n,0,0,0,0,0,0,0,0,1,0,0
slam,n,0,0,0,0,0,0,0,1,0,0,0
slam,v,0,0,0,0,0,0,0,0,0,0,1
slash,v,0,0,0,0,0,0,0,0,1,0,0
slaughter,n,0,0,0,0,0,0,0,0,1,0,0
slaughter,v,0,0,0,0,0,0,0,0,1,0,0
slight,n,0,1,0,0,0,0,0,0,0,0,0
slight,v,0,1,0,0,0,0,0,0,0,0,0
slushy,a,0,0,0,0,0,0,0,1,0,0,0
smack,v,0,0,0,0,0,0,0,1,0,0,0
smile,n,0,0,0,0,0,0,0,1,0,0,0
smile,v,0,0,0,0,0,0,0,1,0,0,0
smirk,n,0,0,0,0,0,0,0,1,0,0,0
smirk,v,0,0,0,0,0,0,0,1,0,0,0
smitten,a,0,0,0,0,0,0,0,1,0,0,0
smooth,a,1,0,0,0,0,0,0,0,0,0,0
smug,a,0,0,0,0,0,0,0,1,0,0,0
smugness,n,0,0,0,0,0,0,0,1,0,0,0
snap,v,0,0,0,0,0,0,0,0,1,0,0
sneak,v,0,0,0,0,1,0,0,0,0,0,0
snit,n,0,1,0,0,0,0,0,0,0,0,0
snort,n,0,1,0,0,0,0,0,0,0,0,0
snort,v,0,1,0,0,0,0,0,0,0,0,0
snorty,a,0,1,0,0,0,0,0,0,0,0,0
snotty-nosed,a,0,1,0,0,0,0,0,0,0,0,0
snub,v,0,1,0,0,0,0,0,0,0,0,0
snug,a,0,0,0,0,0,0,0,1,0,0,0
snugness,n,0,0,0,0,0,0,0,1,0,0,0
sob,v,0,0,0,0,0,0,0,0,1,0,0
solace,n,0,0,0,0,0,0,0,1,0,0,0
solace,v,0,0,0,0,0,0,0,1,0,0,0
solacement,n,0,0,0,0,0,0,0,1,0,0,0
solemn,a,0,0,0,0,0,0,0,0,1,0,0
solemness,n,0,0,0,0,0,0,0,0,1,0,0
solicit,v,0,0,0,0,0,0,0,1,0,0,0
solitariness,n,0,0,0,0,0,0,0,0,1,0,0
solitary,a,0,0,0,0,0,0,0,0,1,0,0
solitude,n,0,0,0,0,0,0,0,0,1,0,0
somber,a,0,0,0,0,0.5,0,0,0,0.5,0,0
somberness,n,0,0,0,0,0.5,0,0,0,0.5,0,0
sombre,a,0,0,0,0,0.5,0,0,0,0.5,0,0
sombreness,n,0,0,0,0,0.5,0,0,0,0.5,0,0
soothe,v,0,0,0,0,0,0,0,1,0,0,0
soppy,a,0,0,0,0,0,0,0,1,0,0,0
sorriness,n,0,0,0,0,0,0.5,0,0,0,0.5,0
sorrow,n,0,0,0,0,0,0,0,0,1,0,0
sorrow,v,0,0,0,0,0,0,0,0,1,0,0
sorrowful,a,0,0,0,0,0,0,0,0,1,0,0
sorrowfulness,n,0,0,0,0,0,0,0,0,1,0,0
sorry,a,0,0,0,0,0,0.5,0,0,0,0.5,0
soupy,a,0,0,0,0,0,0,0,1,0,0,0
spellbind,v,0,0,0,0,0,0,0.5,0.5,0,0,0
spite,n,0,1,0,0,0,0,0,0,0,0,0
spite,v,0,1,0,0,0,0,0,0,0,0,0
spiteful,a,0,1,0,0,0,0,0,0,0,0,0
splay,v,0,0,0,0,0,0,0,0,1,0,0
spoil,v,0,0.5,0,0,0,0,0,0,0.5,0,0
sprain,v,0,0,0,0,0,0,0,0,1,0,0
spurn,v,0,0,0,0,0,0,0,0,1,0,0
squall,v,0,0.5,0,0,0,0,0,0.5,0,0,0
squeak,v,0,1,0,0,0,0,0,0,0,0,0
squeaking,a,0,1,0,0,0,0,0,0,0,0,0
squeaky,a,0,1,0,0,0,0,0,0,0,0,0
squealing,a,0,1,0,0,0,0,0,0,0,0,0
squinch,v,0,0,0,0,0,0,0,0,1,0,0
stagger,v,0,0,0,0,0,0,0,0,1,0,0
stalwart,a,0,0,0,0,0,0,0,1,0,0,0
stark,a,0,0,0,0,0,0,0,0,1,0,0
startlingly,r,0,0,0,0,0,0,0,0,0,0,1
stature,n,0,0,0,0,0,0,0,1,0,0,0
stimulate,v,0,0,0,0,0,0,0,1,0,0,0
stimulation,n,0,0,0,0,0,0,0,1,0,0,0
sting,n,0,0,0,0,0,0,0,0,1,0,0
sting,v,0,0,0,0,0,0,0,0,1,0,0
stinger,n,0,0,0,0,0,0,0,0,1,0,0
stirring,n,0,0,0,0,0,0,0,1,0,0,0
stolid,a,1,0,0,0,0,0,0,0,0,0,0
stolidity,n,1,0,0,0,0,0,0,0,0,0,0
storm,v,0,1,0,0,0,0,0,0,0,0,0
storminess,n,0,0,0,0,0,0,0,1,0,0,0
stout,a,0,0,0,0,0,0,0,1,0,0,0
strain,n,0,0,0,0,0,0,0,0,1,0,0
strain,v,0,0,0,0,0,0,0,0,1,0,0
strap,v,0,0,0,0,0,0,0,0,1,0,0
strident,a,0,1,0,0,0,0,0,0,0,0,0
strikingly,r,0,0,0,0,0,0,0,0.5,0,0,0.5
struggle,v,0,1,0,0,0,0,0,0,0,0,0
stubborn,a,0,0,0,0,0,0,0,1,0,0,0
stubbornness,n,0,0,0,0,0,0,0,1,0,0,0
stun,n,0,0,0,0,0,0,0,0,0,0,1
stun,v,0,0,0,0,0,0,0,0,0,0,1
stunning,a,0,0,0,0,0,0,0,0,0,0,1
stupefaction,n,0,0,0,0,0,0,0,0,0,0,1
stupefy,v,0,0,0,0,0,0,0,0,0,0,1
stuporous,a,0,0,0,0,0,0,0,0,1,0,0
sturdiness,n,0,0,0,0,0,0,0,1,0,0,0
subdue,v,0,0.5,0,0,0,0,0,0,0.5,0,0
subjugate,v,0,0.5,0,0,0,0,0,0,0.5,0,0
sublime,a,0,0,0,0,0,0,0,1,0,0,0
sudate,v,0,1,0,0,0,0,0,0,0,0,0
sudden,a,0,0,0,0,0,0,0,0,0,0,1
suddenly,r,0,0,0,0,0,0,0,0,0,0,1
sudsy,a,0,1,0,0,0,0,0,0,0,0,0
suffer,v,0,0,0,0,0,0,0,0,1,0,0
suffering,a,0,0,0,0,0,0,0,0,1,0,0
suffering,n,0,0,0,0,0,0,0,0,1,0,0
sulkiness,n,0,1,0,0,0,0,0,0,0,0,0
sulky,a,0,0.333333333,0,0,0.333333333,0,0,0,0.333333333,0,0
sullen,a,0,0,0,0,0,0,0,0,1,0,0
sullenness,n,0,0,0,0,0,0,0,0,1,0,0
supersensitised,a,0,0,0,0,1,0,0,0,0,0,0
supersensitive,a,0,0,0,0,1,0,0,0,0,0,0
supersensitized,a,0,0,0,0,1,0,0,0,0,0,0
suppress,v,0,0,0,0,0,0,0,0,1,0,0
surmise,v,0,0.5,0,0,0,0,0,0,0.5,0,0
surprisal,n,0,0,0,0,0,0,0,0,0,0,1
surprise,n,0,0,0,0,0,0,0,0,0,0,1
surprise,v,0,0,0,0,0,0,0,0,0,0,1
surprised,a,0,0,0,0,0,0,0,0,0,0,1
surprising,a,0,0,0,0,0,0,0,0,0,0,1
surprisingly,r,0,0,0,0,0,0,0,0,0,0,1
suspect,v,0,0.5,0,0,0,0,0,0,0.5,0,0
suspense,n,0,0,0.333333333,0,0.333333333,0,0,0,0.333333333,0,0
suspicion,n,0,0.5,0,0,0,0,0,0,0.5,0,0
suspicious,a,0,0,0,0,1,0,0,0,0,0,0
swag,v,0,0,0,0,0,0,0,0,1,0,0
sweetness,n,0,0,0,0,0,0,0,1,0,0,0
swither,n,0,1,0,0,0,0,0,0,0,0,0
swivet,n,0,0,0,0,1,0,0,0,0,0,0
sympathetic,a,0,0,0,0,0,0,0,0,1,0,0
sympathise,v,0,0,0,0,0,0,0,0,1,0,0
sympathize,v,0,0,0,0,0,0,0,0,1,0,0
sympathy,n,0,0,0,0,0,0,0,0,1,0,0
tantalise,v,0,1,0,0,0,0,0,0,0,0,0
tantalize,v,0,1,0,0,0,0,0,0,0,0,0
taunt,v,0,1,0,0,0,0,0,0,0,0,0
tearful,a,0,0,0,0,0,0,0,0,1,0,0
tearfulness,n,0,0,0,0,0,0,0,0,1,0,0
tease,v,0,1,0,0,0,0,0,0,0,0,0
tedious,a,0,0,0,0,0,0,0,0,1,0,0
tedium,n,0,0,0,0,0,0,0,0,1,0,0
temper,n,0,1,0,0,0,0,0,0,0,0,0
temper,v,0,1,0,0,0,0,0,0,0,0,0
tempestuous,a,0,1,0,0,0,0,0,0,0,0,0
tempt,v,0,0,0,0,0,0,0,1,0,0,0
temptation,n,0,0,0,0,0,0,0,1,0,0,0
tenacious,a,0,0,0,0,0,0,0,1,0,0,0
tendencious,a,0,0.5,0,0.5,0,0,0,0,0,0,0
tendentious,a,0,0.5,0,0.5,0,0,0,0,0,0,0
tendentiousness,n,0,0.5,0,0.5,0,0,0,0,0,0,0
tender,a,0,0,0,0,0.333333333,0,0,0.333333333,0.333333333,0,0
tenderhearted,a,0,0,0,0,0,0,0,0.5,0.5,0,0
tenderheartedness,n,0,0,0,0,0,0,0,0.5,0.5,0,0
tenderness,n,0,0,0,0,0,0,0,0.5,0.5,0,0
tense,a,0,0,0,0,1,0,0,0,0,0,0
tense,v,0,0,0,0,0,0,0,0,1,0,0
tenseness,n,0,0,0,0,1,0,0,0,0,0,0
tension,n,0,0.5,0,0,0,0,0,0,0.5,0,0
terrible,a,0,0,0,0,1,0,0,0,0,0,0
terrified,a,0,0,0,0,1,0,0,0,0,0,0
terrify,v,0,0,0,0,1,0,0,0,0,0,0
terror,n,0,0,0,0,1,0,0,0,0,0,0
terrorisation,n,0,0,0,0,1,0,0,0,0,0,0
terrorise,v,0,0,0,0,1,0,0,0,0,0,0
terrorization,n,0,0,0,0,1,0,0,0,0,0,0
terrorize,v,0,0,0,0,1,0,0,0,0,0,0
testiness,n,0,1,0,0,0,0,0,0,0,0,0
testy,a,0,1,0,0,0,0,0,0,0,0,0
tetchiness,n,0,1,0,0,0,0,0,0,0,0,0
tetchy,a,0,1,0,0,0,0,0,0,0,0,0
thankful,a,0,0,0,0,0,0,0,1,0,0,0
thankfulness,n,0,0,0,0,0,0,0,1,0,0,0
thigh-slapper,n,0,0,0,0,0,0,0,1,0,0,0
thrash,v,0,0,0,0,0,0,0,0,1,0,0
thrashing,n,0,0,0,0,0,0,0,0,1,0,0
threaten,v,0,0,0,0,1,0,0,0,0,0,0
threatening,a,0,0,0,0,0,0,0,0,1,0,0
thrill,v,0,0,0.25,0,0.25,0,0,0.25,0,0,0.25
throe,n,0,0,0,0,0,0,0,0,1,0,0
throw,v,0,0,0,0,0,0,0,0,0.5,0.5,0
thwart,v,0,0.5,0,0,0,0,0,0,0.5,0,0
tickle,v,0,0,0.25,0,0.25,0,0,0.25,0,0,0.25
timid,a,0,0,0,0,1,0,0,0,0,0,0
timidity,n,0,0,0,0,1,0,0,0,0,0,0
timidness,n,0,0,0,0,1,0,0,0,0,0,0
timorousness,n,0,0,0,0,1,0,0,0,0,0,0
tingle,n,0,0,0,0,0.5,0,0,0,0,0,0.5
tingle,v,0,0,0,0,0.5,0,0,0,0,0,0.5
tire,v,0,0,0,0,0,0,0,0,1,0,0
tiresome,a,0,0,0,0,0,0,0,0,1,0,0
titillating,a,0,0,0,0,0,0,0,1,0,0,0
titillation,n,0,0,0.333333333,0,0,0,0,0.333333333,0,0,0.333333333
tizzy,n,0,1,0,0,0,0,0,0,0,0,0
tolerable,a,0.5,0,0,0,0,0,0,0,0.5,0,0
tolerance,n,1,0,0,0,0,0,0,0,0,0,0
tonic,a,0,0,0,0,1,0,0,0,0,0,0
tonicity,n,0,0,0,0,1,0,0,0,0,0,0
tonus,n,0,0,0,0,1,0,0,0,0,0,0
torment,n,0,0.333333333,0,0.333333333,0.333333333,0,0,0,0,0,0
torment,v,0,0.333333333,0,0.333333333,0.333333333,0,0,0,0,0,0
torrid,a,0,0,0,0,0,0,0,1,0,0,0
torture,n,0,0,0,0,1,0,0,0,0,0,0
torture,v,0,0.333333333,0,0.333333333,0.333333333,0,0,0,0,0,0
torturous,a,0,0,0,0,0,0,0,0,1,0,0
touch-and-go,a,0,0,0,0,1,0,0,0,0,0,0
touchiness,n,0,1,0,0,0,0,0,0,0,0,0
touchy,a,0,1,0,0,0,0,0,0,0,0,0
tragedy,n,0,0,0,0,0,0,0,0,1,0,0
tragic,a,0,0,0,0,0,0,0,0,1,0,0
tragical,a,0,0,0,0,0,0,0,0,1,0,0
trance,v,0,0,0,0,0,0,0.5,0.5,0,0,0
tranquil,a,1,0,0,0,0,0,0,0,0,0,0
tranquilising,a,0.5,0,0,0,0,0,0,0.5,0,0,0
tranquility,n,1,0,0,0,0,0,0,0,0,0,0
tranquilizing,a,0.5,0,0,0,0,0,0,0.5,0,0,0
tranquillising,a,0.5,0,0,0,0,0,0,0.5,0,0,0
tranquillity,n,1,0,0,0,0,0,0,0,0,0,0
tranquillizing,a,0.5,0,0,0,0,0,0,0.5,0,0,0
transfix,v,0,0,0,0,0,0,0,1,0,0,0
trauma,n,0,0,0,0,0,0,0,0,1,0,0
traumatic,a,0,0,0,0,0,0,0,0,1,0,0
traumatise,v,0,0,0,0,0.333333333,0,0,0,0.333333333,0,0.333333333
traumatize,v,0,0,0,0,0.333333333,0,0,0,0.333333333,0,0.333333333
traverse,v,0,0,0,0,0,0,0,1,0,0,0
trepidation,n,0,0,0,0,1,0,0,0,0,0,0
trichotillomania,n,0,0,0,0,0,0,0,1,0,0,0
triumph,n,0,0,0,0,0,0,0,1,0,0,0
triumph,v,0,0,0.5,0,0,0,0,0.5,0,0,0
triumphal,a,0,0,0,0,0,0,0,1,0,0,0
triumphant,a,0,0,0,0,0,0,0,1,0,0,0
trouble,v,0,0.333333333,0,0,0.333333333,0.333333333,0,0,0,0,0
troubled,a,0,0.5,0,0,0,0,0,0.5,0,0,0
troubling,a,0,0,0,0,0,0,0,0,1,0,0
trounce,v,0,0,0,0,0,0,0,0,1,0,0
trouncing,n,0,0,0,0,0,0,0,0,1,0,0
trust,n,0,0,0,0,0,0,0,1,0,0,0
trust,v,0,0,0.5,0,0,0,0,0.5,0,0,0
tsoris,n,0,0,0,0,1,0,0,0,0,0,0
tsunami,n,0,0,0,0,0,0,0,0,1,0,0
tumultuous,a,0,0.5,0,0,0,0,0,0.5,0,0,0
turbulent,a,0,0.5,0,0,0,0,0,0.5,0,0,0
turndown,n,0,0,0,0,0,0,0,0,1,0,0
twinge,v,0,0,0,0,0,0,0,0,1,0,0
twit,v,0,1,0,0,0,0,0,0,0,0,0
ululate,v,0,0,0,0,0,0,0,0,1,0,0
umbrage,n,0,1,0,0,0,0,0,0,0,0,0
umbrageous,a,0,1,0,0,0,0,0,0,0,0,0
unagitated,a,1,0,0,0,0,0,0,0,0,0,0
unassured,a,0,0,0,0,0,0,0,0,1,0,0
unbearable,a,0,0,0,0,0,0,0,0,1,0,0
unbelieving,a,0,0,0,0,0,0,0,0,1,0,0
uncheerful,a,0,0,0,0,0,0,0,0,1,0,0
uncheerfulness,n,0,0,0,0,0,0,0,0,1,0,0
uncomfortable,a,0,0,0,0,0,0,0,0,0.5,0.5,0
uncomfortableness,n,0,0,0,0,0,0,0,0,0.5,0.5,0
unease,n,0,0,0,0,0.5,0.5,0,0,0,0,0
uneasiness,n,0,0,0,0,0.25,0.25,0,0,0.25,0.25,0
uneasy,a,0,0,0,0,0.25,0.25,0,0,0.25,0.25,0
unemotionality,n,1,0,0,0,0,0,0,0,0,0,0
unexpected,a,0,0,0,0,0,0,0,0,0,0,1
unexpressive,a,1,0,0,0,0,0,0,0,0,0,0
unfaltering,a,0,0,0,0,0,0,0,1,0,0,0
unfriendly,a,0,0.5,0,0.5,0,0,0,0,0,0,0
unhappiness,n,0,0,0,0,0,0,0,0,1,0,0
unhappy,a,0,0,0,0,0,0,0,0,1,0,0
unhinge,v,0,1,0,0,0,0,0,0,0,0,0
unhinged,a,0,1,0,0,0,0,0,0,0,0,0
unnerve,v,0,0,0,0,0,0,0,0,1,0,0
unquiet,a,0,0,0,0,1,0,0,0,0,0,0
unruffled,a,1,0,0,0,0,0,0,0,0,0,0
unsafe,a,0,0,0,0,0.5,0,0,0,0.5,0,0
unsay,v,0,0,0,0,0,0,0,0,1,0,0
unsettling,a,0,0,0,0,0,0,0,0,1,0,0
unshakable,a,0,0,0,0,0,0,0,1,0,0,0
unspeakable,a,0,0,0,0,0,0,0,0,1,0,0
unsure,a,0,0,0,0,1,0,0,0,0,0,0
unswerving,a,0,0,0,0,0,0,0,1,0,0,0
untrusting,a,0,0,0,0,1,0,0,0,0,0,0
untune,v,0,0.333333333,0,0,0,0,0,0,0.333333333,0.333333333,0
unwavering,a,0,0,0,0,0,0,0,1,0,0,0
unwind,v,0,0,0,0,0,0,0,1,0,0,0
unyielding,a,0,0,0,0,0,0,0,1,0,0,0
unyieldingness,n,0,0,0,0,0,0,0,1,0,0,0
upbeat,a,0,0,0,0,0,0,0,1,0,0,0
uplift,v,0,0,0,0,0,0,0,1,0,0,0
uproarious,a,0,0,0,0,0,0,0,1,0,0,0
upset,a,0,0.5,0,0,0,0,0,0,0.5,0,0
upset,n,0,1,0,0,0,0,0,0,0,0,0
upset,v,0,0.333333333,0,0,0,0,0,0,0.333333333,0.333333333,0
upsetting,a,0,0,0,0,0,0,0,0,1,0,0
uptight,a,0,0,0,0,1,0,0,0,0,0,0
urge,n,0,0,0,0,0,0,0,1,0,0,0
vain,a,0,0,0,0,0,0,0,1,0,0,0
value,v,0,0,0,0,0,0,0,1,0,0,0
vanity,n,0,0,0,0,0,0,0,1,0,0,0
vanquish,v,0,0,0,0,0,0,0,0,1,0,0
vapors,n,0,0,0,0,0,0,0,0,1,0,0
vapours,n,0,0,0,0,0,0,0,0,1,0,0
vengeful,a,0,1,0,0,0,0,0,0,0,0,0
vengefulness,n,0,1,0,0,0,0,0,0,0,0,0
venomous,a,0,1,0,0,0,0,0,0,0,0,0
veto,v,0,0,0,0,0,0,0,0,1,0,0
vex,v,0,0.333333333,0,0,0.333333333,0,0,0,0,0,0.333333333
vexation,n,0,1,0,0,0,0,0,0,0,0,0
vibrate,v,0,0,0.25,0,0.25,0,0,0.25,0,0,0.25
vicious,a,0,1,0,0,0,0,0,0,0,0,0
vigilance,n,0,0,1,0,0,0,0,0,0,0,0
vigilant,a,0,0,1,0,0,0,0,0,0,0,0
vilify,v,0,0,0,0,0,0,0,0,1,0,0
vindictive,a,0,1,0,0,0,0,0,0,0,0,0
violence,n,0,1,0,0,0,0,0,0,0,0,0
violent,a,0,1,0,0,0,0,0,0,0,0,0
virulence,n,0,1,0,0,0,0,0,0,0,0,0
virulency,n,0,1,0,0,0,0,0,0,0,0,0
virulent,a,0,1,0,0,0,0,0,0,0,0,0
visitation,n,0,0,0,0,0,0,0,0,1,0,0
visualise,v,0,0,0,0,0,0,0,1,0,0,0
visualize,v,0,0,0,0,0,0,0,1,0,0,0
vitriol,n,0,0,0,0,0,0,0,0,1,0,0
vitriolic,a,0,0,0,0,0,0,0,0,1,0,0
vituperate,v,0,0,0,0,0,0,0,0,1,0,0
vituperation,n,0,0,0,0,0,0,0,0,1,0,0
vociferous,a,0,1,0,0,0,0,0,0,0,0,0
vulnerability,n,0,0,0,0,1,0,0,0,0,0,0
vulnerable,a,0,0,0,0,1,0,0,0,0,0,0
wail,n,0,0,0,0,0,0,0,0,1,0,0
wail,v,0,0,0,0,0,0,0,0,1,0,0
wailer,n,0,0,0,0,0,0,0,0,1,0,0
wakeful,a,0,0,1,0,0,0,0,0,0,0,0
waken,v,0,0,0,0,0,0,0,1,0,0,0
wakening,n,0,0,0,0,0,0,0,1,0,0,0
wale,n,0,0,0,0,0,0,0,0,1,0,0
walk-in,n,0,0,0,0,0,0,0,1,0,0,0
walkaway,n,0,0,0,0,0,0,0,1,0,0,0
wallop,v,0,0,0,0,0,0,0,0,1,0,0
walloping,n,0,0,0,0,0,0,0,0,1,0,0
waltz,n,0,0,0,0,0,0,0,1,0,0,0
want,n,0,0,0,0,0,0,0,1,0,0,0
war,n,0,1,0,0,0,0,0,0,0,0,0
war,v,0,1,0,0,0,0,0,0,0,0,0
warble,v,0,1,0,0,0,0,0,0,0,0,0
wariness,n,0,0,0,0,1,0,0,0,0,0,0
warmhearted,a,0,0,0,0,0,0,0,1,0,0,0
wary,a,0,0,0,0,1,0,0,0,0,0,0
waste,v,0,0,0,0,0,0,0,0,1,0,0
waterloo,n,0,0,0,0,0,0,0,0,1,0,0
weal,n,0,0,0,0,0,0,0,0,1,0,0
wearisome,a,0,0,0,0,0,0,0,0,1,0,0
weary,a,0,0,0,0,0,0,0,0,1,0,0
weary,v,0,0,0,0,0,0,0,0,1,0,0
weep,n,0,0,0,0,0,0,0,0,1,0,0
weep,v,0,0,0,0,0,0,0,0,1,0,0
weeper,n,0,0,0,0,0,0,0,0,1,0,0
weepiness,n,0,0,0,0,0,0,0,0,1,0,0
weeping,a,0,0,0,0,0,0,0,0,1,0,0
weepy,a,0,0,0,0,0,0,0,0,1,0,0
well-disposed,a,0,0,0,0,0,0,0,1,0,0,0
welt,n,0,0,0,0,0,0,0,0,1,0,0
welt,v,0,0,0,0,0,0,0,0,1,0,0
weltschmerz,n,0,0,0,0,0,0,0,0,1,0,0
wheal,n,0,0,0,0,0,0,0,0,1,0,0
whim,n,0,0,0,0,0,0,0,1,0,0,0
whimper,n,0,0,0,0,0,0,0,0,1,0,0
whimper,v,0,0,0,0,0,0,0,0,1,0,0
whimsical,a,0,0,0,0,0,0,0,1,0,0,0
whimsy,a,0,0,0,0,0,0,0,1,0,0,0
whimsy,n,0,0,0,0,0,0,0,1,0,0,0
whine,v,0,1,0,0,0,0,0,0,0,0,0
whip,v,0,0,0,0,0,0,0,0,1,0,0
whiplash,n,0,0,0,0,0,0,0,0,1,0,0
whipping,n,0,0,0,0,0,0,0,0,1,0,0
whitewash,n,0,0,0,0,0,0,0,0,1,0,0
whoop,n,0,1,0,0,0,0,0,0,0,0,0
whoop,v,0,1,0,0,0,0,0,0,0,0,0
willies,n,0,0,0,0,0.5,0,0,0,0,0.5,0
win,n,0,0,0,0,0,0,0,1,0,0,0
win,v,0,0,0,0,0,0,0,1,0,0,0
wince,n,0,0,0,0,0,0,0,0,1,0,0
wince,v,0,0,0,0,0,0,0,0,1,0,0
wish,n,0,0,0,0,0,0,0,1,0,0,0
wishful,a,0,0,0,0,0,0,0,1,0,0,0
wishfulness,n,0,0,0,0,0,0,0,1,0,0,0
wishing,n,0,0,0,0,0,0,0,1,0,0,0
wistful,a,0,0,0,0,0,0,0,1,0,0,0
wistfulness,n,0,0,0,0,0,0,0,1,0,0,0
withdrawal,n,0,0,0,0,0,0,0,0,1,0,0
woe,n,0,0,0,0,0,0,0,0,1,0,0
woeful,a,0,0,0,0,0,0,0,0,1,0,0
wonder,n,0,0,0,0,0,0,0,0,0,0,1
wonder,v,0,0,0,0,0,0,0,0,0,0,1
wonderment,n,0,0,0,0,0,0,0,0,0,0,1
woo,v,0,0,0,0,0,0,0,1,0,0,0
world-weariness,n,0,0,0,0,0,0,0,0,1,0,0
world-weary,a,0,0,0,0,0,0,0,0,1,0,0
worried,a,0,0,0,0,1,0,0,0,0,0,0
worriedly,r,0,0,0,0,1,0,0,0,0,0,0
worry,n,0,0,0,0,1,0,0,0,0,0,0
worry,v,0,0,0,0,1,0,0,0,0,0,0
worship,n,0,0,0,0,0,0,0,1,0,0,0
worship,v,0,0,0,0,0,0,0,1,0,0,0
worth-while,a,0,0,0,0,0,0,0,1,0,0,0
wound,n,0,0,0,0,0.5,0,0,0,0.5,0,0
wound,v,0,1,0,0,0,0,0,0,0,0,0
wow,n,0,0,0,0,0,0,0,1,0,0,0
wrath,n,0,1,0,0,0,0,0,0,0,0,0
wrawl,v,0,1,0,0,0,0,0,0,0,0,0
wrench,n,0,0,0,0,0,0,0,0,1,0,0
wrench,v,0,0,0,0,0,0,0,0,1,0,0
wretched,a,0,0,0,0,0.333333333,0.333333333,0,0,0.333333333,0,0
wretchedness,n,0,0,0,0,0.333333333,0.333333333,0,0,0.333333333,0,0
wrick,v,0,0,0,0,0,0,0,0,1,0,0
writhe,n,0,0,0,0,0,0,0,0,1,0,0
writhe,v,0,0,0,0,0,0,0,0,1,0,0
yammer,v,0,1,0,0,0,0,0,0,0,0,0
yaup,v,0,0,0,0,0,0,0,0,1,0,0
yawl,v,0,0,0,0,0,0,0,0,1,0,0
yearn,v,0,0,0,0,0,0,0,1,0,0,0
yearning,n,0,0,0,0,0,0,0,1,0,0,0
yeasty,a,0,0,0.5,0,0,0,0,0.5,0,0,0
yell,v,0,0.5,0,0,0,0,0,0.5,0,0,0
yelling,n,0,1,0,0,0,0,0,0,0,0,0
yen,n,0,0,0,0,0,0,0,1,0,0,0
yen,v,0,0,0,0,0,0,0,1,0,0,0
yips,n,0,0,0,0,0,0,0,0,1,0,0
yodel,n,0,1,0,0,0,0,0,0,0,0,0
yodel,v,0,1,0,0,0,0,0,0,0,0,0
yowl,n,0,1,0,0,0,0,0,0,0,0,0
yowl,v,0,1,0,0,0,0,0,0,0,0,0
zeal,n,0,0,0.5,0,0,0,0,0.5,0,0,0
zealous,a,0,0,0.5,0,0,0,0,0.5,0,0,0
zest,n,0,0,0.5,0,0,0,0,0.5,0,0,0
zestful,a,0,0,0.5,0,0,0,0,0.5,0,0,0
zestfulness,n,0,0,0.5,0,0,0,0,0.5,0,0,0
zesty,a,0,0,0.5,0,0,0,0,0.5,0,0,0
inspiring,a,0,0,0,0,0,0,0,1,0,0,0
incredible,a,0,0,0,0,0,0,0,0,0,0,1
psyched,a,0,0,0.5,0,0,0,0,0.5,0,0,0
