poslist[key],profane,profane-when-combined,unsafe,unsafe-when-combined,entity,negation
100%/CD hardcore/NN,0,0,1.5,0,0,0
100%/CD illegal/JJ,0,0,1.7,0,0,0
100%/CD softcore/NN,0,0,1.5,0,0,0
100%/JJ ban/VB,0,0,1.5,0,0,0
100%/JJ banned/JJ,0,0,1.5,0,0,0
aardvarking/NN,1.2,0,0,0,0,0
abso-fucking-lutely/RB,1.4,0,0,0,0,0
ac/NN movie/NN pass/NN,0,0,2,0,0,0
action/NN,0,0.2,0,0,0,0
adult/NN audience/NN,0,0,1.5,0,0,0
adult/NN broadcast/NN,0,0,1.2,0,0,0
adult/NN check/NN,0,0,1.4,0,0,0
adult/NN content/NN,0,0,1.2,0,0,0
adult/NN erotic/JJ,0,0,1.8,0,0,0
adult/NN film/NN star/NN,0,0,1.8,0,0,0
adult/NN flic/NN,0,0,1.8,0,0,0
adult/NN flix/NN,0,0,1.8,0,0,0
adult/NN friend/NN finder/NN,0,0,1.7,0,0,0
adult/NN interactive/NN,0,0,1.2,0,0,0
adult/NN link/NN,0,0,1.4,0,0,0
adult/NN mag/NN,0,0,1.4,0,0,0
adult/NN material/NN,0,0,1.7,0,0,0
adult/NN model/NN,0,0,1.5,0,0,0
adult/NN movie/NN,0,0,1.3,0,0,0
adult/NN newsgroup/NN,0,0,1.8,0,0,0
adult/NN only/RB,0,0,1.6,0,0,0
adult/NN only/RB site/NN,0,0,1.5,0,0,0
adult/NN orient/VB,0,0,1.3,0,0,0
adult/NN oriented/JJ,0,0,1.3,0,0,0
adult/NN paysite/NN,0,0,1.8,0,0,0
adult/NN playground/NN,0,0,1.8,0,0,0
adult/NN relate/VB,0,0,1.4,0,0,0
adult/NN show/NN,0,0,1.1,0,0,0
adult/NN site/NN,0,0,1.8,0,0,0
adult/NN strip/NN show/NN,0,0,1.8,0,0,0
adult/NN supersite/NN,0,0,1.5,0,0,0
adult/NN topless/JJ nude/NN,0,0,1.6,0,0,0
adult/NN upskirt/NN,0,0,1.4,0,0,0
adult/NN verification/NN system/NN,0,0,1.6,0,0,0
adult/NN videochat/NN,0,0,1.8,0,0,0
adult/NN web/NN site/NN,0,0,1.5,0,0,0
adult/NN webmaster/NN,0,0,1.8,0,0,0
adult/NN webring/NN,0,0,1.8,0,0,0
adult/NN website/NN,0,0,1.5,0,0,0
adult/NN xxx/NN,0,0,1.8,0,0,0
adult-film/NN star/NN,0,0,1.8,0,0,0
adultlink/NN,0,0,1.2,0,0,0
adultoptin/NN,0,0,1.8,0,0,0
adultos/NNS,0,0,1.4,0,0,0
adultpass/NN,0,0,1.8,0,0,0
adultrevenueservice/NN,0,0,1.7,0,0,0
adult-videochat/NN,0,0,1.8,0,0,0
adultweb/NN,0,0,1.8,0,0,0
age/NN verification/NN,0,0,0,0.5,0,0
airhead/NN,0,0.5,0,0,0,0
all/DT petite/JJ,0,0,0,0.5,0,0
als/NNS scan/NN,0,0,1.8,0,0,0
als-scan/JJ,0,0,1.8,0,0,0
amateur/JJ,0,0,0,0.35,0,0
amateur/JJ asian/NN,0,0,1.4,0,0,0
amateur/JJ beaver/NN,0,0,1.8,0,0,0
amateur/JJ ezine/NN,0,0,1.2,0,0,0
amateur/JJ girl/NN,0,0,1.4,0,0,0
amateur/JJ page/NN,0,0,1.8,0,0,0
amateur/JJ sex/NN,0,0,1.8,0,0,0
amateur/JJ wife/NN,0,0,1.8,0,0,0
amateur/NN,0,0,0,0.35,0,0
amateur/NN housewife/NN,0,0,1.5,0,0,0
amateur/NN housewives/NNS,0,0,1.5,0,0,0
amateur/NN latina/NN,0,0,1.6,0,0,0
amateur/NN link/NN,0,0,1.5,0,0,0
amateur/NN pic/NN,0,0,1.8,0,0,0
amateur/NN preview/NN,0,0,1.8,0,0,0
amateur/NN schoolgirl/NN,0,0,1.4,0,0,0
amateur/NN teen/NN,0,0,1.8,0,0,0
amateur/NN university/NN,0,0,1.3,0,0,0
amateurpage/NN,0,0,1.8,0,0,0
anal/JJ,1.8,0,0,0,0,0
analingus/NN,1.3,0,0,0,0,0
animal/NN sex/NN,1.6,0,0,0,0,0
anime/NN sex/NN,1.8,0,0,0,0,0
anus/NN,1.4,0,0,0,0,0
arabersmovs/NNS,0,0,1.25,0,0,0
areolas/NNS,0,0.5,0,0,0,0
arouse/VB SBJ,1.3,0,0,0,0,0
arse/NN,1.7,0,0,0,0,0
arseficken/NN,1.2,0,0,0,0,0
arsehole/NN,1.4,0,0,0,0,0
arseplay/NN,1.2,0,0,0,0,0
arse-pounding/NN,1.8,0,0,0,0,0
aryan/JJ,0,0,0,0.5,0,0
aryan/JJ brotherhood/NN,0,0,1.25,0,0,0
aryan/JJ nation/NN,0,0,1.25,0,0,0
aryan/NN,0,0,0,0.5,0,0
asianerotica/NN,1.8,0,0,0,0,0
ass/NN,1.7,0,0,0,0,0
ass/NN cheeks/NNS,1.5,0,0,0,0,0
ass/NN lick/NN,1.4,0,0,0,0,0
ass/NN master/NN,1.5,0,0,0,0,0
ass/NN pass/NN,1.7,0,0,0,0,0
assfuck/NN,1.7,0,0,0,0,0
assfucking/JJ,1.8,0,0,0,0,0
assfucking/NN,1.8,0,0,0,0,0
ass-fucking/NN,1.8,0,0,0,0,0
asshole/NN,1.8,0,0,0,0,0
asshole/NN cleaner/JJR,1.4,0,0,0,0,0
asskisser/NN,1.4,0,0,0,0,0
asslick/NN,1.2,0,0,0,0,0
ass-pounding/NN,1.8,0,0,0,0,0
asspreading/NN,1.6,0,0,0,0,0
asswipe/NN,1.4,0,0,0,0,0
ass-wrecking/NN,1.6,0,0,0,0,0
aureole/NN,0,0.5,0,0,0,0
autocunnilingus/NN,1.8,0,0,0,0,0
autofellatio/NN,1.8,0,0,0,0,0
axxxess/NN,1.2,0,0,0,0,0
babe/NN,0,0,0.5,0,0,0
back/RB door/NN boy/NN,1.8,0,0,0,0,0
backdoor/JJ beauties/NNS,1.8,0,0,0,0,0
backdoor/JJ beauty/NN,1.8,0,0,0,0,0
backdoor/JJ penetration/NN,1.8,0,0,0,0,0
backdoor/NN betty/RB,1.8,0,0,0,0,0
bad/JJ girl/NN club/NN,0,0,1.4,0,0,0
bald/JJ beaver/NN,1.8,0,0,0,0,0
bald/JJ clam/NN,1.8,0,0,0,0,0
bald/JJ pussy/NN,1.8,0,0,0,0,0
bald/JJ smoo/NN,1.3,0,0,0,0,0
ball/NN busting/NN,1.2,0,0,0,0,0
ball/NN gag/NN,1.2,0,0,0,0,0
ball/NN in/IN mouth/NN,1.6,0,0,0,0,0
ball/NN juice/NN,1.6,0,0,0,0,0
ball/NN licking/NN,1.8,0,0,0,0,0
ball/NN sucking/NN,1.8,0,0,0,0,0
ban/VB in/IN the/DT usa/NN,0,0,1.3,0,0,0
ban/VB incest/NN,0,0,1.6,0,0,0
bang/NN a/DT girl/NN,1.4,0,0,0,0,0
barely/RB legal/JJ,0,0,1.6,0,0,0
barenaked/JJ,1.1,0,0,0,0,0
bastard/NN,1.4,0,0,0,0,0
bathtime/NN lesbo/NN,1.8,0,0,0,0,0
bathtime/NN lezbo/NN,1.8,0,0,0,0,0
bazoombas/NNS,1.1,0,0,0,0,0
bbw/NN,1.4,0,0,0,0,0
bbw/RB spread/VB,1.7,0,0,0,0,0
bbws/NNS,1.4,0,0,0,0,0
bdsm/NN,0,0,1.7,0,0,0
beads/NNS,0,0.5,0,0,0,0
bear/NN lovin/NN,1.3,0,0,0,0,0
beastiality/NN,0,0,1.3,0,0,0
beat/VB off/RB,1.6,0,0,0,0,0
beat/VB SBJ$ meat/NN,1.6,0,0,0,0,0
beat/VB the/DT shit/NN out/IN of/IN,1.2,0,0,0,0,0
SBJ$ beaver/NN,1.2,0,0,0,0,0
bee-yotch/NN,1.4,0,0,0,0,0
belly/NN whacker/NN,1.4,0,0,0,0,0
beppin/NN,1.1,0,0,0,0,0
bestiality/NN,0,0,1.2,0,0,0
bi/NN girl/NN,0,0,1.2,0,0,0
bianco/NN,1.25,0,0,0,0,0
biatch/NN,1.4,0,0,0,0,0
bichas/NN,1.25,0,0,0,0,0
big/JJ ass/NN,1.7,0,0,0,0,0
big/JJ beautiful/JJ women/NNS,0,0,1.8,0,0,0
big/JJ melons/NNS,1.2,0,0,0,0,0
big/JJ nipple/NN,1.8,0,0,0,0,0
biggest-boobed/JJ,1.8,0,0,0,0,0
bi-girl/NN,0,0,1.6,0,0,0
biguns/NNS,1.2,0,0,0,0,0
bikini/NN,0,0.5,0,0,0,0
bi-otch/NN,1.4,0,0,0,0,0
birching/NN,1.1,0,0,0,0,0
bisexual/JJ,0,0,1.1,0,0,0
bisexual/JJ fetish/JJ,0,0,1.4,0,0,0
bitch/NN,1.1,0,0,0,0,0
bitchslap/NN,1.4,0,0,0,0,0
bitchslap/VB,1.4,0,0,0,0,0
bitty/JJ,0,0.5,0,0,0,0
bizzare/NN,0,0,0,0.5,0,0
black/JJ bastard/NN,1.4,0,0,0,0,0
black/JJ desire/NN,1.2,0,0,0,0,0
black/JJ hardcore/NN,1.8,0,0,0,0,0
black/JJ supremacy/NN,0,0,1.25,0,0,0
bleekscheet/NN,1.25,0,0,0,0,0
blonde/JJ sandwich/NN,1.5,0,0,0,0,0
blow/NN job/NN,1.2,0,0,0,0,0
blow/VB a/DT wad/NN,1.6,0,0,0,0,0
blow/VB SBJ$ biscuit/NN,1.8,0,0,0,0,0
blow/VB SBJ$ biscuits/NNS,1.8,0,0,0,0,0
blow/VB SBJ$ load/NN,1.8,0,0,0,0,0
blow/VB SBJ$ member/NN,1.8,0,0,0,0,0
blowjob/NN,1.2,0,0,0,0,0
blue/JJ ball/NN,1.2,0,0,0,0,0
blue/JJ movie/NN,1.2,0,0,0,0,0
body/NN slapping/NN,1.7,0,0,0,0,0
boff/NN,0.5,0,0,0,0,0
bondage/NN,0,0,1.7,0,0,0
bone/NN smoker/NN,1.5,0,0,0,0,0
bone/NN smoking/NN,1.5,0,0,0,0,0
bone/VB a/DT chick/NN,1.6,0,0,0,0,0
bonehead/NN,1.4,0,0,0,0,0
boner/NN,1.4,0,0,0,0,0
boob/NN,1.1,0,0,0,0,0
boob/NN babe/NN,1.8,0,0,0,0,0
booger/NN,1.4,0,0,0,0,0
booty/NN college/NN,1.3,0,0,0,0,0
bordello/NN,0,0,1.1,0,0,0
boy/NN for/IN boy/NN,1.1,0,0,0,0,0
boy/NN toy/NN live/JJ,1.2,0,0,0,0,0
bra/NN,0,0,0.2,0,0,0
bras/NNS,0,0,0.2,0,0,0
breast/NN,0,0,0.5,0,0,0
brothel/NN,0,0,1.1,0,0,0
brown/JJ eye/NN,0,0.5,0,0,0,0
brown/JJ shower/NN,1.3,0,0,0,0,0
browneye/NN,1.4,0,0,0,0,0
browntown/NN,1.4,0,0,0,0,0
brutal/JJ snuff/NN,0,0,1.7,0,0,0
bugger/NN,1.1,0,0,0,0,0
bugger/VB off/RB,1.1,0,0,0,0,0
buggery/NN,1.1,0,0,0,0,0
build/VB like/IN a/DT brick/NN shithouse/NN,1.2,0,0,0,0,0
bukkake/NN,0,0,1.8,0,0,0
bull/NN shit/NN,1.4,0,0,0,0,0
bulldager/NN,1.4,0,0,0,0,0
bullhell/NN,1.4,0,0,0,0,0
bullshit/NN,1.4,0,0,0,0,0
bum/NN,1.4,0,0,0,0,0
bung/NN hole/NN,1.1,0,0,0,0,0
bunghole/NN,1.1,0,0,0,0,0
bush/NN boogie/NN,1.25,0,0,0,0,0
bust/NN a/DT nut/NN,1.8,0,0,0,0,0
bust/NN on/IN SBJ$ face/NN,1.8,0,0,0,0,0
bustiere/NN,0.5,0,0,0,0,0
busty/NN,1.1,0,0,0,0,0
busty/NN lesbian/NN,1.6,0,0,0,0,0
butch/NN,1.4,0,0,0,0,0
butt/NN,1.8,0,0,0,0,0
butt/NN breath/NN,1.4,0,0,0,0,0
butt/NN fucker/NN,1.4,0,0,0,0,0
butt/NN hair/NN,1.4,0,0,0,0,0
butt/NN necked/VBD,1.6,0,0,0,0,0
butt/NN pirate/NN,1.6,0,0,0,0,0
butt/NN sex/NN,1.8,0,0,0,0,0
buttface/NN,1.4,0,0,0,0,0
buttfuck/NN,1.8,0,0,0,0,0
buttfucker/NN,1.4,0,0,0,0,0
butthead/NN,1.4,0,0,0,0,0
butthole/NN,1.4,0,0,0,0,0
butt-necked/JJ,1.6,0,0,0,0,0
buttock/NN,1.4,0,0,0,0,0
buttpicker/NN,1.4,0,0,0,0,0
buttplug/NN,1.2,0,0,0,0,0
buttsex/NN,1.8,0,0,0,0,0
call/NN girl/NN,0,0,1.1,0,0,0
callgirl/NN,0,0,1.1,0,0,0
cam/NN,0,0,0,0.5,0,0
cam/NN girl/NN,0,0,1.8,0,0,0
camel/NN lip/NN,1.8,0,0,0,0,0
camgirl/NN,0,0,1.8,0,0,0
cam-girl/NN,0,0,1.8,0,0,0
camisole/NN,0.5,0,0,0,0,0
candle/NN in/IN puss/NN,1.3,0,0,0,0,0
candywhore/NN,1.8,0,0,0,0,0
cartoon/NN hardcore/NN,1.8,0,0,0,0,0
cartoon/NN orgy/NN,1.4,0,0,0,0,0
cartoon/NN sex/NN,1.8,0,0,0,0,0
cartoon/NN slut/NN,1.8,0,0,0,0,0
castrate/NN,0,0,0.5,0,0,0
castration/NN,0,0,0.5,0,0,0
casual/JJ encounter/NN,0,0,0,0.5,0,0
casual/JJ sex/NN,0,0,1.2,0,0,0
celeb/NN,0,0,0,0.5,0,0
celeb/NN nude/NN,0,0,1.5,0,0,0
celebrities/NNS nude/NN,0,0,1.8,0,0,0
celebrity/NN nude/NN,0,0,1.8,0,0,0
celebrity/NN sex/NN,0,0,1.8,0,0,0
celebs/NNS nude/NN,0,0,1.8,0,0,0
centerfold/NN,0,0.35,0,0,0,0
cervix/NN,0,0,0.5,0,0,0
chancroid/NN,1.1,0,0,0,0,0
cheesy/NN ass/NN,1.4,0,0,0,0,0
chemise/NN,1.1,0,0,0,0,0
cherrie/NN popper/NN,1.8,0,0,0,0,0
cherrie-popper/NN,1.8,0,0,0,0,0
cherry/NN popper/NN,1.8,0,0,0,0,0
cherry-popper/NN,1.8,0,0,0,0,0
chicano/NN lesbian/NN,1.8,0,0,0,0,0
chick/NN,0,0,0,0.5,0,0
chink/NN,1.4,0,0,0,0,0
chippendales/NNS,0,0,0.5,0,0,0
chiquita/NN,1.1,0,0,0,0,0
chix/NN with/IN dicks/NNS,1.8,0,0,0,0,0
chix/NN with/IN dix/NN,1.8,0,0,0,0,0
chlamydia/NN,0,0,1.1,0,0,0
chocke/VB SBJ$ chicken/NN,1.5,0,0,0,0,0
chocolate/NN booty/NN,1.7,0,0,0,0,0
chubby/NN,0,0.35,0,0,0,0
churd/NN,1.1,0,0,0,0,0
circle/NN jerk/NN,1.1,0,0,0,0,0
clam/NN,0,0.35,0,0,0,0
classical/JJ bondage/NN,0,0,1.6,0,0,0
clevland/JJ steamer/NN,1.5,0,0,0,0,0
clit/NN,1.4,0,0,0,0,0
clit/NN stimulation/NN,0,0,1.7,0,0,0
clit/NN stimulator/NN,0,0,1.7,0,0,0
clitoral/JJ,0,0,1.7,0,0,0
clitorilingus/NN,0,0,1.2,0,0,0
clitoris/NN,0,0,1.1,0,0,0
clits/NNS,1.4,0,0,0,0,0
clitty/JJ,1.3,0,0,0,0,0
closeup/NN anal/NN,1.6,0,0,0,0,0
club/NN seventeen/CD,0,0,1.7,0,0,0
club/NN tranny/NN,1.8,0,0,0,0,0
cobia/NN,0,0.35,0,0,0,0
cock/NN,1.3,0,0,0,0,0
cock/NN sucker/NN,1.2,0,0,0,0,0
cockage/NN,1.3,0,0,0,0,0
cocks/NNS in/IN every/DT hole/NN,1.8,0,0,0,0,0
cocksmoker/NN,1.3,0,0,0,0,0
cock-smoker/NN,1.3,0,0,0,0,0
cock-stuffing/NN,1.5,0,0,0,0,0
cocksuck/NN,1.3,0,0,0,0,0
cock-suck/NN,1.3,0,0,0,0,0
cocksucker/NN,1.2,0,0,0,0,0
coital/NN,0,0,1.2,0,0,0
coital/NN therapy/NN,1.5,0,0,0,0,0
coitus/NN,0,0,1.1,0,0,0
color/NN climax/NN,1.8,0,0,0,0,0
come/VB on/IN SBJ,1.8,0,0,0,0,0
come/VB on/IN SBJ$,1.8,0,0,0,0,0
contains/VBZ nudity/NN,0,0,1.3,0,0,0
coon/NN,1.25,0,0,0,0,0
cooter/NN,0,0.5,0,0,0,0
copulate/NN,0,0,0.5,0,0,0
copulation/NN,0,0,0.5,0,0,0
corn/NN hole/NN,1.4,0,0,0,0,0
cornhole/NN,1.1,0,0,0,0,0
cracker/NN,1.4,0,0,0,0,0
crap/NN,1.4,0,0,0,0,0
crotch/NN,0,0.5,0,0,0,0
cuffs/NNS,0,0.35,0,0,0,0
cum/NN,1.8,0,0,0,0,0
cum/NN quat/NN,1.4,0,0,0,0,0
cum/NN stain/NN,1.4,0,0,0,0,0
cum-covered/JJ,1.7,0,0,0,0,0
cumdrinking/NN,1.8,0,0,0,0,0
cumiest/NN,1.6,0,0,0,0,0
cumload/NN,1.8,0,0,0,0,0
cumming/NN,1.8,0,0,0,0,0
cumming/NN swallow/NN,1.5,0,0,0,0,0
cumn/NN,1.4,0,0,0,0,0
cums/NNS,1.2,0,0,0,0,0
cumshot/NN,1.8,0,0,0,0,0
cum-shot/NN,1.8,0,0,0,0,0
cumshots/NNS,1.5,0,0,0,0,0
cunilingus/NN,1.2,0,0,0,0,0
cunnilingus/NN,1.2,0,0,0,0,0
cunt/NN,1.4,0,0,0,0,0
cunt/NN drip/NN,1.7,0,0,0,0,0
cunt/NN leak/NN,1.7,0,0,0,0,0
cunt/NN lick/NN,1.4,0,0,0,0,0
cunt/NN lip/NN,1.4,0,0,0,0,0
cunt/NN lips/NNS,1.6,0,0,0,0,0
cunt/NN open/JJ wide/JJ,1.8,0,0,0,0,0
cunt/NN pump/NN,1.6,0,0,0,0,0
cunt/NN rip/VB,1.7,0,0,0,0,0
cunt/NN ripper/NN,1.7,0,0,0,0,0
cuntal/JJ,1.1,0,0,0,0,0
cuntbreath/NN,1.4,0,0,0,0,0
cuntdog/NN,1.4,0,0,0,0,0
cuntlap/NN,1.4,0,0,0,0,0
cuntlick/NN,1.5,0,0,0,0,0
cuntlip/NN,1.8,0,0,0,0,0
cunts/NNS,1.1,0,0,0,0,0
cuntsucker/NN,1.4,0,0,0,0,0
cyberage/NN,0,0,1.8,0,0,0
cybererotica/NN,0,0,1.8,0,0,0
cyberfold/NN,1.1,0,0,0,0,0
cyberfuc/NN,1.1,0,0,0,0,0
cyberphuck/NN,1.1,0,0,0,0,0
cyberphuk/NN,1.1,0,0,0,0,0
cyberphuq/NN,1.1,0,0,0,0,0
cyberporn/NN,0,0,1.1,0,0,0
cybersex/NN,0,0,1.1,0,0,0
dag/NN gummit/NN,1.4,0,0,0,0,0
dagnammit/NN,1.4,0,0,0,0,0
dailyporn/NN,0,0,1.6,0,0,0
dammit/NN,1.4,0,0,0,0,0
dammit/NN to/TO hell/NN,1.4,0,0,0,0,0
damn/RB,1.4,0,0,0,0,0
damn/RB SBJ,1.4,0,0,0,0,0
damn/RB SBJ$ eyes/NNS,1.4,0,0,0,0,0
damn/RB straight/JJ,1.1,0,0,0,0,0
damn/UH SBJ$ hide/VB,1.4,0,0,0,0,0
damnit/NN,1.4,0,0,0,0,0
damnmit/NN,1.4,0,0,0,0,0
daughter/NN fucks/NNS,1.6,0,0,0,0,0
debutants/NNS,0,0.5,0,0,0,0
deep/JJ fucked/JJ,1.6,0,0,0,0,0
deep/JJ puss/NN,1.5,0,0,0,0,0
deep/JJ throat/NN,0,0.5,0,0,0,0
deep/JJ throat/NN sex/NN,1.8,0,0,0,0,0
deep/JJ throat/NN sucking/NN,1.8,0,0,0,0,0
deeper/JJR penetration/NN,1.7,0,0,0,0,0
deepthroat/JJ,0,0.5,0,0,0,0
deepthroat/NN,0,0.5,0,0,0,0
delicious/JJ puss/NN,1.8,0,0,0,0,0
demonseed/NN,1.2,0,0,0,0,0
desnudas/NNS,1.3,0,0,0,0,0
desnudus/NN,1.3,0,0,0,0,0
dezire/NN,0,0,0.5,0,0,0
dialer/NN sex/NN,1.4,0,0,0,0,0
diaper/NN love/VB,1.8,0,0,0,0,0
diaper-loving/NN,1.8,0,0,0,0,0
dick/NN,1.4,0,0,0,0,0
dick/NN slapping/NN,1.8,0,0,0,0,0
dick/NN uncut/NN,1.5,0,0,0,0,0
dick/NN un-cut/NN,1.5,0,0,0,0,0
dickbreath/NN,1.4,0,0,0,0,0
dickface/NN,1.4,0,0,0,0,0
dickhead/NN,1.4,0,0,0,0,0
dickless/JJ,1.4,0,0,0,0,0
dicksmack/NN,1.4,0,0,0,0,0
dicksucker/NN,1.4,0,0,0,0,0
dike/NN,1.4,0,0,0,0,0
dildo/NN,1.8,0,0,0,0,0
dildocam/NN,1.8,0,0,0,0,0
dildofest/NN,1.8,0,0,0,0,0
dildosex/NN,1.5,0,0,0,0,0
dilldoe/NN,1.4,0,0,0,0,0
dilldos/NNS,1.4,0,0,0,0,0
dipshit/NN,1.4,0,0,0,0,0
dirtiest/NN babe/NN,1.4,0,0,0,0,0
dirty/JJ cheerleader/NN,1.8,0,0,0,0,0
dirty/JJ gay/JJ,1.3,0,0,0,0,0
dirty/JJ panties/NNS,1.8,0,0,0,0,0
dirty/JJ pic/NN,1.5,0,0,0,0,0
dirty/JJ sanchez/NN,1.5,0,0,0,0,0
dirty/JJ stories/NNS,1.8,0,0,0,0,0
disrobing/JJ area/NN,0,0,1.6,0,0,0
doctor/NN love/NN,1.1,0,0,0,0,0
dog/NN sex/NN,1.8,0,0,0,0,0
dogfuck/VB,1.5,0,0,0,0,0
doggie/NN style/NN,1.4,0,0,0,0,0
doggiestyle/NN,1.3,0,0,0,0,0
doggie-style/NN,1.3,0,0,0,0,0
doggystyle/NN,1.3,0,0,0,0,0
doggy-style/NN,1.3,0,0,0,0,0
doll/NN,0,0.5,0,0,0,0
domination/NN,0,0,1.1,0,0,0
domination/NN sex/NN,0,0,1.4,0,0,0
dominatrix/NN,0,0,1.2,0,0,0
dong/NN,1.5,0,0,0,0,0
dorm/NN cam/NN,1.5,0,0,0,0,0
double/JJ dildo/NN,1.8,0,0,0,0,0
double/JJ ended/VBD dildo/NN,1.8,0,0,0,0,0
double/JJ fist/NN,1.8,0,0,0,0,0
double/JJ fucked/JJ,1.6,0,0,0,0,0
double/JJ headed/JJ dildo/NN,1.8,0,0,0,0,0
double/JJ penetration/NN,1.8,0,0,0,0,0
double-anal/JJ,1.8,0,0,0,0,0
double-vaginal/JJ,1.8,0,0,0,0,0
douche/NN,1.4,0,0,0,0,0
douche/NN bag/NN,1.4,0,0,0,0,0
douche/NN juice/NN,1.4,0,0,0,0,0
down/RP on/IN SBJ$ knees/NNS,1.2,0,0,0,0,0
drip/VB black/JJ,1.8,0,0,0,0,0
drip/VB pink/JJ,1.8,0,0,0,0,0
drunk/JJ bitch/NN,1.6,0,0,0,0,0
drunk/JJ virgin/NN,1.3,0,0,0,0,0
dumb/JJ ass/NN,1.4,0,0,0,0,0
dumbass/NN,1.4,0,0,0,0,0
dumbbell/NN,1.4,0,0,0,0,0
dyke/NN,1.4,0,0,0,0,0
eat/VB carpet/NN,1.5,0,0,0,0,0
eat/VB PRT out/RP,0,0.5,0,0,0,0
eat/VB SBJ$ arse/NN,1.4,0,0,0,0,0
eat/VB SBJ$ ass/NN,1.4,0,0,0,0,0
eat/VB snatch/NN,1.7,0,0,0,0,0
ebony/JJ blowjob/NN,1.7,0,0,0,0,0
ebony/NN,0,0,0,0.5,0,0
ebony/NN on/IN ivory/NN,1.4,0,0,0,0,0
ecstacy/NN,0,0.5,0,0,0,0
ejaculate/NN,1.1,0,0,0,0,0
ejaculation/NN,1.1,0,0,0,0,0
enlarge/VB SBJ$ penis/NN,1.7,0,0,0,0,0
erectile/JJ dysfunction/NN,0,0,1.3,0,0,0
erection/NN ring/NN,0,0,1.4,0,0,0
erotic/JJ,0,0,1.3,0,0,0
erotic/JJ asphyxiation/NN,0,0,1.8,0,0,0
erotica/NN,0,0,1.8,0,0,0
escort/NN agency/NN,0,0,1.2,0,0,0
escort/NN directory/NN,0,0,1.4,0,0,0
escort/NN service/NN,0,0,1.2,0,0,0
escorts/NNS directory/NN,0,0,1.4,0,0,0
eu/NN amateur/NN,0,0,1.3,0,0,0
eunuch/NN,0,0,0.5,0,0,0
euroteen/NN,0,0,1.3,0,0,0
excessive/JJ facial/NN,1.5,0,0,0,0,0
exclusive/JJ hardcore/NN,1.8,0,0,0,0,0
exclusive/JJ lolita/NN,1.8,0,0,0,0,0
exclusive/JJ members/NNS area/NN adult/NN,0,0,1.6,0,0,0
excrete/NN,0.5,0,0,0,0,0
excretion/NN,0.5,0,0,0,0,0
excretory/NN,0.5,0,0,0,0,0
exhibition/NN ezine/NN,0,0,1.2,0,0,0
exhibitionism/NN,0,0,1.1,0,0,0
exhibitionist/NN,0,0,1.1,0,0,0
expect/VB sex/NN,0,0,1.2,0,0,0
explicit/JJ anal/NN,0,0,1.8,0,0,0
explicit/JJ lesbian/NN,0,0,1.8,0,0,0
explicit/JJ nude/NN shows/NNS,0,0,1.8,0,0,0
explicit/JJ pic/NN,0,0,1.8,0,0,0
explicit/JJ sex/NN,0,0,1.3,0,0,0
explode/VB SBJ$ load/NN,1.8,0,0,0,0,0
exploited/JJ teen/NN,0,0,1.3,0,0,0
explosive/JJ shit/NN,1.2,0,0,0,0,0
expose/VB to/TO minors/NNS,0,0,1.3,0,0,0
extreme/JJ adult/NN content/NN,0,0,1.8,0,0,0
ezine/NN,0,0,0,0.5,0,0
ezlolita/NN,1.9,0,0,0,0,0
f**k/NN,1.2,0,0,0,0,0
face/NN drenched/VBD,1.6,0,0,0,0,0
facial/JJ feast/NN,1.5,0,0,0,0,0
facial/JJ masters/NNS,1.5,0,0,0,0,0
facial/JJ sex/NN,1.8,0,0,0,0,0
facial/NN,0,0,0,0.5,0,0
fag/NN,1.25,0,0,0,0,0
fagget/NN,1.6,0,0,0,0,0
faggit/NN,1.6,0,0,0,0,0
faggot/JJ ass/NN,1.6,0,0,0,0,0
faggot/NN,1.25,0,0,0,0,0
fagit/NN,1.6,0,0,0,0,0
fags/NNS,1.25,0,0,0,0,0
fanstasyfest/NN,1.3,0,0,0,0,0
fantastic/JJ facial/NN,1.2,0,0,0,0,0
fantasy/NN,0,0,0,0.5,0,0
fantasy/NN toons/NNS,1.3,0,0,0,0,0
fap/NN,1.4,0,0,0,0,0
fapping/NN,1.4,0,0,0,0,0
fareskin/NN,1.4,0,0,0,0,0
fart/NN,1.2,0,0,0,0,0
farting/NN,1.2,0,0,0,0,0
fat/JJ bitch/NN sex/NN,1.5,0,0,0,0,0
fat/JJ fantasy/NN,1.7,0,0,0,0,0
fat/JJ titties/NNS,1.4,0,0,0,0,0
fatass/NN,1.4,0,0,0,0,0
fathole/NN,1.4,0,0,0,0,0
fatso/NNS,1.4,0,0,0,0,0
felatio/NN,0,0,1.3,0,0,0
felching/NN,1.3,0,0,0,0,0
fellatio/NN,1.1,0,0,0,0,0
fem/NN domination/NN,0,0,1.4,0,0,0
female/JJ domination/NN,0,0,1.7,0,0,0
female/JJ fisting/NN,1.8,0,0,0,0,0
femdom/NN,1.1,0,0,0,0,0
fetish/JJ,0,0,0,0.5,0,0
fhm/NN,1.1,0,0,0,0,0
filthy/JJ sex/NN,0,0,1.8,0,0,0
filthy/JJ turd/NN,1.4,0,0,0,0,0
fine/JJ booty/NN,1.4,0,0,0,0,0
finger/NN in/IN SBJ,1.7,0,0,0,0,0
finger/NN up/IN SBJ,1.8,0,0,0,0,0
finger/VB girls/NNS,1.7,0,0,0,0,0
finger/VB SBJ,1.8,0,0,0,0,0
finger/VB women/NNS,1.7,0,0,0,0,0
fingerfuck/NN,1.4,0,0,0,0,0
finger-fuck/NN,1.8,0,0,0,0,0
firm/NN hooters/NNS,1.7,0,0,0,0,0
fist/NN,0,0.2,0,0,0,0
fist/NN anal/NN,1.3,0,0,0,0,0
fist/VB,1.2,0,0,0,0,0
fist/VB SBJ,1.5,0,0,0,0,0
fistfuck/NN,1.7,0,0,0,0,0
fisting/NN,1.2,0,0,0,0,0
fists/NNS in/IN SBJ$ ass/NN,1.7,0,0,0,0,0
flab/NN,0,0.5,0,0,0,0
flab-fucking/NN,1.8,0,0,0,0,0
flash/NN in/IN public/NN,0,0,1.3,0,0,0
flash/VB amateur/NN,0,0,1.5,0,0,0
flash/VB in/IN public/NN,0,0,1.3,0,0,0
flikker/NN,1.25,0,0,0,0,0
flikkers/NNS,1.25,0,0,0,0,0
fool/NN,0,0.35,0,0,0,0
foot/NN fetish/JJ ezine/NN,0,0,1.2,0,0,0
foot/NN fucker/NN,1.8,0,0,0,0,0
forbid/VB rape/NN,0,0,1.4,0,0,0
force/VB to/TO suck/VB,1.8,0,0,0,0,0
forced-sex/NN,0,0,1.5,0,0,0
foreplay/NN,0,0,1.1,0,0,0
foreskin/NN,0,0,1.1,0,0,0
fornicate/NN,0,0,1.2,0,0,0
fornication/NN,0,0,1.8,0,0,0
free/JJ amateur/NN,0,0,1.3,0,0,0
free/JJ asian/NN,0,0,1.3,0,0,0
free/JJ avs/NN,0,0,1.6,0,0,0
free/JJ balloon/NN,0,0,1.3,0,0,0
free/JJ bbw/NN,0,0,1.3,0,0,0
free/JJ bdsm/NN,0,0,1.3,0,0,0
free/JJ blonde/JJ,0,0,1.3,0,0,0
free/JJ bondage/NN,0,0,1.3,0,0,0
free/JJ brunette/NN,0,0,1.3,0,0,0
free/JJ cheerleader/NN,0,0,1.3,0,0,0
free/JJ dirty/JJ,0,0,1.8,0,0,0
free/JJ ebony/NN,0,0,1.3,0,0,0
free/JJ exhibition/NN,0,0,1.3,0,0,0
free/JJ fetish/NN,0,0,1.3,0,0,0
free/JJ foot/NN fetish/JJ,0,0,1.3,0,0,0
free/JJ gay/JJ,0,0,1.3,0,0,0
free/JJ hardcore/NN,0,0,1.8,0,0,0
free/JJ indian/NN,0,0,1.3,0,0,0
free/JJ interracial/NN,0,0,1.3,0,0,0
free/JJ latina/NN,0,0,1.3,0,0,0
free/JJ lesbian/NN,0,0,1.3,0,0,0
free/JJ live/JJ,0,0,1.8,0,0,0
free/JJ lolita/NN,0,0,1.6,0,0,0
free/JJ mature/JJ,0,0,1.3,0,0,0
free/JJ panty/NN,0,0,1.3,0,0,0
free/JJ pantyhose/WP$,0,0,1.3,0,0,0
free/JJ pic/NN,0,0,1.8,0,0,0
free/JJ russian/NN,0,0,1.3,0,0,0
free/JJ schoolgirl/NN,0,0,1.3,0,0,0
free/JJ shemale/NN,0,0,1.3,0,0,0
free/JJ smoking/NN,0,0,1.3,0,0,0
free/JJ smut/NN,0,0,1.8,0,0,0
free/JJ softcore/NN,0,0,1.7,0,0,0
free/JJ stocking/NN,0,0,1.3,0,0,0
free/JJ stories/NNS,0,0,1.3,0,0,0
free/JJ teen/NN,0,0,1.3,0,0,0
free/JJ teen/NN hottie/NN,0,0,1.8,0,0,0
free/JJ tiny/JJ,0,0,1.3,0,0,0
free/JJ tour/NN,0,0,1.1,0,0,0
free/JJ tour/NN girl/NN,0,0,1.3,0,0,0
free/JJ transsexual/NN,0,0,1.3,0,0,0
free/JJ uncensored/JJ,0,0,1.5,0,0,0
free/JJ upskirt/NN,0,0,1.3,0,0,0
free/JJ voyeur/NN,0,0,1.3,0,0,0
free/JJ x-rated/JJ,0,0,1.8,0,0,0
freeporn/NN,0,0,1.8,0,0,0
freesex/NN,0,0,1.8,0,0,0
frenum/NN,0,0,0.5,0,0,0
fresh/JJ young/JJ teen/NN,0,0,1.3,0,0,0
friggin/NN,0,0.5,0,0,0,0
fuck/NN,1.3,0,0,0,0,0
fuck/NN know/VB,1.2,0,0,0,0,0
fuck/NN off/RB,1.2,0,0,0,0,0
fuck/NN SBJ,1.2,0,0,0,0,0
fuck/NN SBJ backwards/RB,1.2,0,0,0,0,0
fuck/NN with/IN,1.2,0,0,0,0,0
fuck/RB all/PDT,1.2,0,0,0,0,0
fuck/RB it/PRP,1.2,0,0,0,0,0
fuck/RB SBJ,1.2,0,0,0,0,0
fuck/VB,1.3,0,0,0,0,0
fuck/VB A/DT,1.2,0,0,0,0,0
fuck/VB hell/NN,1.2,0,0,0,0,0
fuckable/JJ,1.6,0,0,0,0,0
fuckaduck/NN,1.2,0,0,0,0,0
fuckbutt/NN,1.4,0,0,0,0,0
fucker/NN,1.3,0,0,0,0,0
fuckface/NN,1.4,0,0,0,0,0
fuckfest/NN,1.8,0,0,0,0,0
fuckhead/NN,1.4,0,0,0,0,0
fucking/NN,1.4,0,0,0,0,0
fuckity/NN,1.2,0,0,0,0,0
fuck-site/JJ,1.8,0,0,0,0,0
fucksite/NN,1.8,0,0,0,0,0
fucktoy/NN,1.5,0,0,0,0,0
fuck-toy/NN,1.5,0,0,0,0,0
fuckup/NN,1.4,0,0,0,0,0
fuckwad/NN,1.2,0,0,0,0,0
full/JJ fist/NN in/IN,1.8,0,0,0,0,0
full/JJ frontal/JJ,1.2,0,0,0,0,0
full/JJ nude/NN,1.5,0,0,0,0,0
full/JJ of/IN shit/NN,1.2,0,0,0,0,0
fun/NN with/IN feces/NNS,1.6,0,0,0,0,0
funbags/NNS,1.2,0,0,0,0,0
furburger/NN,1.4,0,0,0,0,0
galler/NN,0,0.5,0,0,0,0
gang/NN bang/NN,1.4,0,0,0,0,0
gangbang/NN,1.4,0,0,0,0,0
gangrape/VB,1.4,0,0,0,0,0
garter/NN belt/NN,0.5,0,0,0,0,0
gay/JJ,0,0,0,0.5,0,0
gayclub/NN,0,0,1.7,0,0,0
gazongers/NNS,1.4,0,0,0,0,0
genital/JJ,0,0,0.5,0,0,0
gerbling/NN,1.2,0,0,0,0,0
get/VB fuck/VB,1.2,0,0,0,0,0
get/VB nail/VB,1.2,0,0,0,0,0
get/VB rim/VB,1.8,0,0,0,0,0
get/VB SBJ$ rock/NN off/RB,1.3,0,0,0,0,0
get/VB wet/NN,0,0.5,0,0,0,0
get/VB wild/JJ,1.1,0,0,0,0,0
ghey/NN,1.4,0,0,0,0,0
girl/NN on/IN girl/NN,0,0,1.8,0,0,0
girl/NN orgy/NN,0,0,1.8,0,0,0
girl/NN sex/NN,0,0,1.5,0,0,0
girl/NN suck/NN,1.6,0,0,0,0,0
girl-girl/NN,0,0,1.8,0,0,0
give/VB a/DT fuck/NN,1.2,0,0,0,0,0
give/VB a/DT shit/NN,1.2,0,0,0,0,0
give/VB head/NN,1.2,0,0,0,0,0
give/VB some/DT skank/NN,1.3,0,0,0,0,0
glamour/NN model/NN,0,0,1.3,0,0,0
glamour/NN studio/NN,0,0,1.5,0,0,0
go/VB apeshit/NN,1.2,0,0,0,0,0
go/VB batshit/NN,1.2,0,0,0,0,0
go/VB to/TO hell/NN,0,0,0,0,0,0
god/NN dammit/NN,0,0,0,0,0,0
god/NN damn/UH,1.2,0,0,0,0,0
god/NN damned/RB,1.2,0,0,0,0,0
god/NN damnit/NN,1.2,0,0,0,0,0
goddam/NN,1.2,0,0,0,0,0
goddammit/NN,1.2,0,0,0,0,0
goddamn/JJ,1.2,0,0,0,0,0
goddamn/VB,0,0,0,0,0,0
goddamnit/NN,1.4,0,0,0,0,0
golden/JJ shower/NN,1.8,0,0,0,0,0
golden/JJ trickle/NN,1.4,0,0,0,0,0
goldenshower/NN,1.8,0,0,0,0,0
golden-shower/NN,1.8,0,0,0,0,0
gonads/NNS,1.4,0,0,0,0,0
gonhorrea/NN,0,0,1.1,0,0,0
gook/NN,1.25,0,0,0,0,0
got/VBD damn/RB,1.4,0,0,0,0,0
got/VBD damn/RB SBJ,1.4,0,0,0,0,0
grannies/NNS n/NN fatties/NNS,1.9,0,0,0,0,0
granny/JJ banging/NN,1.8,0,0,0,0,0
granny/JJ grab/NN,1.8,0,0,0,0,0
granny/JJ grabbing/NN,1.8,0,0,0,0,0
granny/JJ sex/NN,1.8,0,0,0,0,0
graphic/JJ sexual/JJ,0,0,1.3,0,0,0
graphic/JJ visual/JJ,0,0,1.5,0,0,0
great/JJ assholes/NNS,1.8,0,0,0,0,0
greek/JJ style/NN,1.3,0,0,0,0,0
group/NN sex/NN,0,0,1.8,0,0,0
groupfuck/NN,1.8,0,0,0,0,0
grow/VB SBJ$ penis/NN,0,0,1.6,0,0,0
g-spot/NN,0,0,1.7,0,0,0
guyberfold/NN,1.1,0,0,0,0,0
gynaecology/NN,0,0,0.5,0,0,0
gynecological/JJ,0,0,0.5,0,0,0
gynecology/NN,0,0,0.5,0,0,0
gyno/NN cam/NN,0,0,1.5,0,0,0
gyno/NN girl/NN,1.8,0,0,0,0,0
hairy/JJ bear/NN big/JJ men/NNS,1.8,0,0,0,0,0
hairy/JJ bear/NN gay/JJ,1.8,0,0,0,0,0
hairy/JJ goblet/NN,1.5,0,0,0,0,0
hairy/JJ puss/NN,1.8,0,0,0,0,0
hairy/JJ tacho/NN,1.6,0,0,0,0,0
hand/NN job/NN,1.6,0,0,0,0,0
hand/NN to/TO gland/VB combat/NN,1.6,0,0,0,0,0
handballing/NN,1.2,0,0,0,0,0
handjob/NN,1.7,0,0,0,0,0
hand-job/NN,1.3,0,0,0,0,0
hang/VB like/IN a/DT horse/NN,1.6,0,0,0,0,0
hanky/NN panky/NN,1.2,0,0,0,0,0
hankypanky/NN,1.2,0,0,0,0,0
hanky-panky/NN,1.2,0,0,0,0,0
hard/JJ core/NN,1.1,0,0,0,0,0
hard/JJ interracial/NN,0,0,1.5,0,0,0
hard/JJ on/IN,1.4,0,0,0,0,0
hardcore/JJ girl/NN,0,0,1.8,0,0,0
hardcore/JJR image/NN series/NN,0,0,1.5,0,0,0
hardcore/NN,0,0,0,0.5,0,0
hardcore/NN adult/NN,0,0,1.5,0,0,0
hardcore/NN animation/NN,0,0,1.8,0,0,0
hardcore/NN bdsm/NN,0,0,1.7,0,0,0
hardcore/NN bondage/NN,0,0,1.7,0,0,0
hardcore/NN celeb/NN,0,0,1.8,0,0,0
hardcore/NN couple/NN,0,0,1.8,0,0,0
hardcore/NN enthusiast/NN,0,0,1.6,0,0,0
hardcore/NN ezine/NN,0,0,1.2,0,0,0
hardcore/NN gay/JJ,0,0,1.8,0,0,0
hardcore/NN hoe/NN,0,0,1.6,0,0,0
hardcore/NN mega/JJ site/NN,0,0,1.8,0,0,0
hardcore/NN movie/NN,0,0,1.6,0,0,0
hardcore/NN online/NN,0,0,1.8,0,0,0
hardcore/NN pic/NN,0,0,1.8,0,0,0
hardcore/NN pic/NN in/IN SBJ$ email/NN,0,0,1.8,0,0,0
hardcore/NN pictorials/NNS,0,0,1.7,0,0,0
hardcore/NN pix/NN,0,0,1.8,0,0,0
hardcore/NN sex/NN,0,0,1.8,0,0,0
hardcore/NN stream/VB video/NN,0,0,1.8,0,0,0
hardcore/NN tour/NN,0,0,1.8,0,0,0
hardcore/NN uncensored/JJ,0,0,1.8,0,0,0
hardcore/NN video/NN series/NN,0,0,1.5,0,0,0
hardcore/RBR explicit/JJ,0,0,1.8,0,0,0
hard-on/JJ,1.1,0,0,0,0,0
hardon/NN,1.3,0,0,0,0,0
head/NN job/NN,1.8,0,0,0,0,0
headjob/NN,1.8,0,0,0,0,0
head-job/NN,1.8,0,0,0,0,0
heavy/JJ hottie/NN,1.7,0,0,0,0,0
hentai/RB,1.8,0,0,0,0,0
hermaphrodite/NN,0,0,1.2,0,0,0
herpes/NNS,0,0,0.5,0,0,0
heterosexual/JJ,0,0,1.1,0,0,0
hirsute/NN honeys/NNS,1.6,0,0,0,0,0
ho/NN,0,0.35,0,0,0,0
hoar/NN,1.4,0,0,0,0,0
home/NN porn/NN movie/NN,0,0,1.7,0,0,0
homo/NN,1.4,0,0,0,0,0
homoerotic/JJ,0,0,1.2,0,0,0
homosexual/JJ,0,0,0.5,0,0,0
honker/NN,1.4,0,0,0,0,0
honkey/NN,1.25,0,0,0,0,0
honky/NN,1.4,0,0,0,0,0
hooker/NN,1.3,0,0,0,0,0
hooters/NNS,1.4,0,0,0,0,0
hornee/NN,1.1,0,0,0,0,0
horney/NN,1.1,0,0,0,0,0
horniest/JJS bitch/NN,1.8,0,0,0,0,0
horniest/NN,1.1,0,0,0,0,0
horny/NN,1.5,0,0,0,0,0
horny/NN mama/NN,1.8,0,0,0,0,0
horny/NN woman/NN,1.8,0,0,0,0,0
hornyrob/NN,1.8,0,0,0,0,0
horse/NN sex/NN,0,0,1.8,0,0,0
hot/JJ 3-way/NN,1.6,0,0,0,0,0
hot/JJ adult/NN action/NN,0,0,1.8,0,0,0
hot/JJ adult/NN pic/NN,0,0,1.8,0,0,0
hot/JJ amateur/NN,0,0,1.4,0,0,0
hot/JJ babe/NN,0,0,1.7,0,0,0
hot/JJ gays/NNS,0,0,1.8,0,0,0
hot/JJ hole/NN,1.9,0,0,0,0,0
hot/JJ house/NN wife/NN,0,0,1.7,0,0,0
hot/JJ lesbian/NN,0,0,1.8,0,0,0
hot/JJ lesbo/NN,1.8,0,0,0,0,0
hot/JJ load/NN,1.1,0,0,0,0,0
hot/JJ model/NN,0,0,1.5,0,0,0
hot/JJ nurse/NN,0,0,1.3,0,0,0
hot/JJ pornstar/NN,0,0,1.7,0,0,0
hot/JJ stars/NNS,0,0,1.2,0,0,0
hot/JJ teen/NN,0,0,1.3,0,0,0
hot/JJ toon/NN action/NN,0,0,1.8,0,0,0
hotsex/NN,0,0,1.1,0,0,0
hottest/JJS,0,0.5,0,0,0,0
huge/JJ breast/NN,1.8,0,0,0,0,0
huge/JJ hooters/NNS,1.8,0,0,0,0,0
huge/JJ jug/NN,1.8,0,0,0,0,0
huge/JJ knockers/NNS,1.8,0,0,0,0,0
huge/JJ natural/JJ,1.8,0,0,0,0,0
humper/NN,0,0.5,0,0,0,0
humping/NN,0,0.5,0,0,0,0
hussy/NN,1.4,0,0,0,0,0
hustler/NN mag/NN,0,0,1.4,0,0,0
hymen/NN,0.5,0,0,0,0,0
illegal/JJ pic/NN,0,0,1.5,0,0,0
impotence/NN,1.1,0,0,0,0,0
impotent/NN,1.1,0,0,0,0,0
in/IN need/NN of/IN sex/NN,1.7,0,0,0,0,0
in/IN the/DT ball/NN,1.4,0,0,0,0,0
in/IN the/DT nude/NN,0,0,1.4,0,0,0
incest/NN,0,0,0,0.5,0,0
innocent/JJ lolita/NN,1.6,0,0,0,0,0
insane/JJ orgy/NN,1.5,0,0,0,0,0
intense/JJ bondage/NN,0,0,1.6,0,0,0
intercourse/NN,0,0,0.5,0,0,0
interracial/JJ,0,0,0,0.5,0,0
jack/VB off/RB,1.3,0,0,0,0,0
jack/VB PRT off/RP,1.4,0,0,0,0,0
jackass/NN,1.2,0,0,0,0,0
jackoff/NN,1.4,0,0,0,0,0
jack-off/NN machine/NN,1.7,0,0,0,0,0
jap/NN,1.4,0,0,0,0,0
jelly/NN vibe/NN,1.5,0,0,0,0,0
jelly/RB vibrator/NN,1.5,0,0,0,0,0
jerk/NN,1.4,0,0,0,0,0
jerk/NN ball/NN,1.3,0,0,0,0,0
jerking/NN rod/NN,1.6,0,0,0,0,0
jesus/NN,0,0.5,0,0,0,0
jesus/NN christ/NN,0,0.5,0,0,0,0
jew/NN,0,0.5,0,0,0,0
jigaboo/NN,1.25,0,0,0,0,0
jill/VB PRT off/RP,1.6,0,0,0,0,0
jism/NN,1.3,0,0,0,0,0
jizm/NN,1.3,0,0,0,0,0
jizz/NN,1.4,0,0,0,0,0
joden/NN,1.25,0,0,0,0,0
juice/NN,0,0.35,0,0,0,0
juice/VB a/DT woody/NN,1.7,0,0,0,0,0
juicy/JJ,0,0.35,0,0,0,0
juicy/JJ funbags/NNS,1.6,0,0,0,0,0
juicy/JJ pussy/NN,1.8,0,0,0,0,0
kamelvasker/NN,1.25,0,0,0,0,0
kara/NN 's/POS amateur/NN,1.8,0,0,0,0,0
kara/NN 's/POS sex/NN,1.8,0,0,0,0,0
karup/NN 's/POS,1.8,0,0,0,0,0
karups/NNS,1.8,0,0,0,0,0
keaster/NN,1.4,0,0,0,0,0
kiddie/NN porn/NN,0,0,1.2,0,0,0
kiddy/NN,0,0,0,0.5,0,0
kiddy/NN sex/NN,0,0,2,0,0,0
kike/NN,1.4,0,0,0,0,0
kinky/NN,0,0,0,0.5,0,0
knob/NN,0,0.5,0,0,0,0
knocked/VBD up/RB,0,0,1.8,0,0,0
kraut/NN,1.4,0,0,0,0,0
ku/NN klux/NN klan/NN,0,0,1.35,0,0,0
labia/NN,0.5,0,0,0,0,0
lactate/NN,0,0.5,0,0,0,0
lactating/NN,0,0.5,0,0,0,0
lapdance/NN,0,0,1.5,0,0,0
latex/JJ bondage/NN,0,0,1.5,0,0,0
latex/JJ fetish/JJ,0,0,1.5,0,0,0
latex/JJ teen/NN,0,0,1.3,0,0,0
latina/NN fetish/JJ,0,0,1.4,0,0,0
latina/NN ezine/NN,0,0,1.2,0,0,0
latino/RB lesbian/JJ,0,0,1.8,0,0,0
leak/VB smoo/RB,1.3,0,0,0,0,0
leather/NN thong/NN,1.5,0,0,0,0,0
legal/JJ teen/NN,0,0,1.3,0,0,0
legal/JJ teen/NN girl/NN,0,0,1.4,0,0,0
legal/JJ teen/NN video/NN,0,0,1.8,0,0,0
legal/JJ teens/NNS,0,0,1.3,0,0,0
lesbian/JJ action/NN,0,0,1.8,0,0,0
lesbian/JJ bordello/NN,0,0,1.8,0,0,0
lesbian/JJ cowgirl/NN,0,0,1.7,0,0,0
lesbian/JJ dildo/NN,0,0,1.8,0,0,0
lesbian/JJ double/JJ,0,0,1.8,0,0,0
lesbian/JJ fantasies/NNS,0,0,1.7,0,0,0
lesbian/JJ fantasy/NN,0,0,1.7,0,0,0
lesbian/JJ gallery/NN,0,0,1.6,0,0,0
lesbian/JJ haven/NN,0,0,1.4,0,0,0
lesbian/JJ love/NN,0,0,1.1,0,0,0
lesbian/JJ nurse/NN,0,0,1.7,0,0,0
lesbian/JJ photo/NN,0,0,1.6,0,0,0
lesbian/JJ site/NN,0,0,1.3,0,0,0
lesbian/JJ strap/NN,0,0,1.8,0,0,0
lesbian/JJ teen/NN,0,0,1.8,0,0,0
lesbian/JJ three/CD,0,0,1.8,0,0,0
lesbian/NN,0,0,0,0.5,0,0
lesbian/NN lick/NN,0,0,1.7,0,0,0
lesbian/NN masturbating/NN,0,0,1.8,0,0,0
lesbiana/NN,1.3,0,0,0,0,0
lesbo/NN,1.3,0,0,0,0,0
lesbo/NN series/NN,0,0,1.8,0,0,0
lessy/NN,1.4,0,0,0,0,0
lewd/NN photo/NN,0,0,1.5,0,0,0
lewd/NN pic/NN,0,0,1.5,0,0,0
lezbo/NN series/NN,0,0,1.8,0,0,0
lick/JJ hard/JJ,1.8,0,0,0,0,0
lick/NN carpet/NN,1.5,0,0,0,0,0
lick/VB black/JJ,0,0.5,0,0,0,0
lick/VB SBJ,0,0.5,0,0,0,0
lick/VB SBJ$,0,0.5,0,0,0,0
lickin/NN lovers/NNS,1.6,0,0,0,0,0
lifestyle/NN without/IN clothes/NNS,0,0,0.5,0,0,0
lingerie/NN,0,0,0.5,0,0,0
lingerie/NN amateur/NN,0,0,1.5,0,0,0
link/NN,0,0.2,0,0,0,0
lip/NN around/IN huge/JJ,1.8,0,0,0,0,0
little/JJ lolita/NN,1.8,0,0,0,0,0
little/JJ puss/NN,1.4,0,0,0,0,0
little-puss/JJ,1.7,0,0,0,0,0
live/JJ anal/NN,0,0,1.4,0,0,0
live/JJ and/CC uncensored/JJ,0,0,1.4,0,0,0
live/JJ and/CC un-censored/JJ,0,0,1.4,0,0,0
live/JJ lesbian/NN,0,0,1.8,0,0,0
live/JJ naked/JJ,0,0,1.5,0,0,0
live/JJ orgies/NNS,0,0,1.7,0,0,0
live/JJ orgy/NN,0,0,1.7,0,0,0
live/JJ penetration/NN,0,0,1.8,0,0,0
live/JJ sex/NN,0,0,1.4,0,0,0
live/JJ sex/NN chat/NN,0,0,1.8,0,0,0
live/JJ sex/NN room/NN,0,0,1.7,0,0,0
live/JJ sex/NN show/NN,0,0,1.8,0,0,0
live/JJ strip/NN,0,0,1.6,0,0,0
livesex/NN,1.8,0,0,0,0,0
livesex4less/JJ,1.8,0,0,0,0,0
lluvia/NN dorada/NN,1.3,0,0,0,0,0
load/NN of/IN cream/NN,1.2,0,0,0,0,0
load/NN shot/NN,1.4,0,0,0,0,0
lolita/JJ free/JJ,0,0,1.7,0,0,0
lolita/NN,0,0,1.5,0,0,0
lolita/NN art/NN,0,0,1.7,0,0,0
lolita/NN bitch/NN,0,0,1.3,0,0,0
lolita/NN facial/NN,0,0,1.6,0,0,0
lolita/NN free/JJ,0,0,1.7,0,0,0
lolita/NN gratis/NN,0,0,1.7,0,0,0
lolita/NN project/NN,0,0,1.5,0,0,0
lolita/NN sex/NN,0,0,1.8,0,0,0
lolita/NN site/NN,0,0,1.6,0,0,0
lolita/NN studio/NN,0,0,1.7,0,0,0
lolita/NN video/NN,0,0,1.2,0,0,0
lolita/NN world/NN,0,0,1.7,0,0,0
lolitasex/NN,0,0,1.8,0,0,0
lope/VB SBJ$ mule/NN,1.6,0,0,0,0,0
lose/VB SBJ$ shit/NN,1.2,0,0,0,0,0
loser/NN,1.4,0,0,0,0,0
love/NN,0,0.5,0,0,0,0
lube/NN,0,0.5,0,0,0,0
lube/VB PRT up/RP,1.4,0,0,0,0,0
lucifer/NN,0,0.5,0,0,0,0
luscious/JJ rack/NN,1.5,0,0,0,0,0
luscious/JJ tit/NN,1.8,0,0,0,0,0
lust/NN,0,0.5,0,0,0,0
man/NN cream/NN,1.5,0,0,0,0,0
man/NN seed/NN,1.5,0,0,0,0,0
man/NN strip/NN,0,0,1.8,0,0,0
mancheck/NN gay/JJ,1.8,0,0,0,0,0
manual/JJ sex/NN,1.4,0,0,0,0,0
massive/JJ breast/NN,1.8,0,0,0,0,0
massive/JJ hooters/NNS,1.8,0,0,0,0,0
massive/JJ jug/NN,1.8,0,0,0,0,0
massive/JJ mammories/NNS,1.6,0,0,0,0,0
masterbate/NN,0,0,1.1,0,0,0
masterbating/NN,0,0,1.1,0,0,0
masturbating/NN,0,0,1.1,0,0,0
mature/JJ babe/NN,0,0,1.7,0,0,0
mature/JJ ezine/NN,0,0,1.2,0,0,0
matures/NNS in/IN action/NN,0,0,1.5,0,0,0
maxim/NN girl/NN,1.7,0,0,0,0,0
meat/NN curtains/NNS,1.3,0,0,0,0,0
mega/JJ fuck/NN,1.8,0,0,0,0,0
megaporn/NN,1.8,0,0,0,0,0
megasex/NN,1.8,0,0,0,0,0
member/NN galler/NN,1.4,0,0,0,0,0
menstruate/NN on/IN SBJ$ semen/NNS,1.7,0,0,0,0,0
merde/NN,1.4,0,0,0,0,0
mff/JJ action/NN,1.7,0,0,0,0,0
mff/NN orgy/NN,1.7,0,0,0,0,0
mick/NN,1.4,0,0,0,0,0
midget/NN fantasy/NN,1.8,0,0,0,0,0
midget/NN lust/NN,1.8,0,0,0,0,0
midget/NN sex/NN,1.8,0,0,0,0,0
mierda/NN,1.4,0,0,0,0,0
milf/NN,0,0,0,0,0,0
milk/VB the/DT bull/NN,1.7,0,0,0,0,0
milk/VB the/DT mouse/NN,1.6,0,0,0,0,0
mistress/NN,1.4,0,0,0,0,0
mmf/JJ action/NN,1.7,0,0,0,0,0
mmf/NN orgy/NN,1.7,0,0,0,0,0
model/NN,0,0.35,0,0,0,0
model/NN nude/NN,0,0,1.8,0,0,0
model/NN portfolio/NN,0,0,1.2,0,0,0
moist/JJ panties/NNS,1.8,0,0,0,0,0
monkey/NN spank/NN,1.5,0,0,0,0,0
monster/NN hooters/NNS,1.8,0,0,0,0,0
most/RBS explicit/JJ teen/NN,1.8,0,0,0,0,0
mosteroticteen/RB,1.8,0,0,0,0,0
motherfuck/NN,1.1,0,0,0,0,0
motherfucker/NN,1.4,0,0,0,0,0
mother-fucker/NN,1.3,0,0,0,0,0
mound/NN,1.4,0,0,0,0,0
muff/NN,1.4,0,0,0,0,0
muff/NN dive/NN,1.3,0,0,0,0,0
muff/NN diving/NN,1.3,0,0,0,0,0
muff/NN sniff/NN,1.3,0,0,0,0,0
muffdive/NN,1.3,0,0,0,0,0
munch/NN,1.8,0,0,0,0,0
muthafuck/NN,1.1,0,0,0,0,0
mutherfucker/NN,1.4,0,0,0,0,0
mutual/JJ masturbation/NN,0,0,1.7,0,0,0
nail/NN a/DT fat/NN,1.7,0,0,0,0,0
naked/JJ,0,0,0,0.5,0,0
nastiest/JJS,0,0.5,0,0,0,0
nasty/JJ,0,0,0,0.5,0,0
naughtiest/JJ,0,0.5,0,0,0,0
naughty/JJ,1.5,0,0,0,0,0
necrophelia/NNS,1.4,0,0,0,0,0
need/VB spanking/NN,0,0,0,0.5,0,0
neger/NN,1.25,0,0,0,0,0
negersvans/NNS,1.25,0,0,0,0,0
negersvin/NN,1.25,0,0,0,0,0
negligee/NN,1.1,0,0,0,0,0
nerd/NN,0,0.35,0,0,0,0
newcummer/NN,1.1,0,0,0,0,0
newd/NN,0,0.5,0,0,0,0
newds/NNS,0,0.5,0,0,0,0
newdz/NN,0,0.5,0,0,0,0
nichten/NN,1.25,0,0,0,0,0
nigga/NN please/VB,0,0,0,0,0,0
nigger/NN,1.45,0,0,0,0,0
niggere/NN,1.25,0,0,0,0,0
nikker/NN,1.25,0,0,0,0,0
nip/JJ slip/NN,1.5,0,0,0,0,0
nipple/NN,1.2,0,0,0,0,0
nipple/NN clamp/NN,1.4,0,0,0,0,0
nipple/NN erection/NN,1.8,0,0,0,0,0
nipples/NNS,1.2,0,0,0,0,0
no/DT shit/NN,1.2,0,0,0,0,0
nubile/NN,0,0,0.5,0,0,0
nude/JJ adult/NN,0,0,1.5,0,0,0
nude/JJ photo/NN,0,0,1.8,0,0,0
nude/JJ shots/NNS,0,0,1.6,0,0,0
nude/NN,1.3,0,0,0,0,0
nudie/NN,1.1,0,0,0,0,0
nudists/NNS,0,0,0.5,0,0,0
nudity/NN,0,0,1.2,0,0,0
nugget/NN sex/NN award/NN,1.8,0,0,0,0,0
nut/NN buster/NN,1.8,0,0,0,0,0
nymphet/NN,1.4,0,0,0,0,0
nympho/RB,1.4,0,0,0,0,0
nymphomaniac/NN,1.8,0,0,0,0,0
nymphos/NNS,1.3,0,0,0,0,0
offensive/JJ gay/JJ,1.3,0,0,0,0,0
on/IN SBJ$ knob/NN,1.4,0,0,0,0,0
on/IN the/DT end/NN of/IN SBJ$ knob/NN,1.7,0,0,0,0,0
one/CD hand/NN typer/NN,0,0.5,0,0,0,0
one/CD hand/NN typing/NN,0,0.5,0,0,0,0
one-night/JJ stand/NN,0,0,0,0.5,0,0
online/JJ pleasure/NN,0,0,1.4,0,0,0
online/JJ sex/NN,0,0,1.8,0,0,0
open/JJ pussy/NN,1.7,0,0,0,0,0
open/JJ wide/JJ,0,0.5,0,0,0,0
oral/JJ frenzy/NN,1.5,0,0,0,0,0
oral/JJ lover/NN,1.5,0,0,0,0,0
oral/JJ sex/NN,0,0,1.25,0,0,0
orgasm/NN,0,0,1.3,0,0,0
orgazm/NN,0,0,1.3,0,0,0
orgies/NNS,0,0.5,0,0,0,0
orgy/NN,0,0.5,0,0,0,0
p0rn0/NN,1.6,0,0,0,0,0
p0rno/NN,1.6,0,0,0,0,0
panty/NN,0,0,0,0.5,0,0
panty/NN sniff/NN,1.5,0,0,0,0,0
pantyhose/NN,0,0,0,0.5,0,0
party/NN doll/NN,1.4,0,0,0,0,0
passion/NN,0,0.35,0,0,0,0
pay/NN site/NN for/IN free/JJ,0,0,1.5,0,0,0
pay-site/JJ,0,0,1.3,0,0,0
pay-site/JJ for/IN free/JJ,0,0,1.5,0,0,0
paysite/JJ pass/NN,0,0,1.3,0,0,0
paysite/NN for/IN free/JJ,0,0,1.5,0,0,0
paysite/NN pass/NN free/JJ,0,0,1.7,0,0,0
paysites/NNS for/IN free/JJ,0,0,1.6,0,0,0
pearly/RB bird/NN,1.4,0,0,0,0,0
pecker/NN,1.4,0,0,0,0,0
peckerhead/NN,1.4,0,0,0,0,0
pedophile/NN,0,0,1.1,0,0,0
pedophilia/NN,0,0,1.1,0,0,0
pee/JJ cam/NN,1.8,0,0,0,0,0
pee/JJ sex/NN,1.8,0,0,0,0,0
pee/JJ spurt/NN,1.5,0,0,0,0,0
peehole/NN,1.7,0,0,0,0,0
peeing/NN,1.6,0,0,0,0,0
peesex/NN,1.8,0,0,0,0,0
pee-sex/NN,1.8,0,0,0,0,0
penetrate/VB,0,0,0,0.5,0,0
penetration/NN,0,0,0,0.5,0,0
penile/NN,1.1,0,0,0,0,0
penis/NN,1.8,0,0,0,0,0
penis/NN breath/NN,1.4,0,0,0,0,0
penis/NN enlarger/NN,0,0,1.5,0,0,0
penis/NN head/NN,1.4,0,0,0,0,0
penis/NN wrinkle/NN,1.4,0,0,0,0,0
penthouse/NN,1.5,0,0,0,0,0
perversion/NN,0,0,1.1,0,0,0
perversity/NN,0,0,1.1,0,0,0
pervert/NN,0,0,1.1,0,0,0
petite/JJ illegal/JJ,0,0,1.3,0,0,0
petite/JJ latina/NN,0,0,1.4,0,0,0
petite/JJ teen/NN,0,0,1.3,0,0,0
petite/JJ virgin/NN,0,0,1.5,0,0,0
petite/NN,0,0,1.8,0,0,0
phallic/NN,0,0,0.5,0,0,0
phallus/NN,0,0,0.5,0,0,0
phone/NN sex/NN,0,0,1.8,0,0,0
phonesex/NN,0,0,1.8,0,0,0
phuck/NN,1.3,0,0,0,0,0
pic/NN,0,0.2,0,0,0,0
picture/NN,0,0.2,0,0,0,0
piece/NN of/IN shit/NN,1.4,0,0,0,0,0
pierce/VB,0,0.5,0,0,0,0
pimp/NN,1.4,0,0,0,0,0
pimp/NN daddy/NN,0,0,1.4,0,0,0
pink/NN 4/CD free/JJ,1.8,0,0,0,0,0
pink/NN bit/NN,1.8,0,0,0,0,0
pink/NN chocolate/NN,1.2,0,0,0,0,0
pink/NN lip/NN,1.5,0,0,0,0,0
pink4free/JJ,1.8,0,0,0,0,0
pinkbit/NN,1.8,0,0,0,0,0
pinup/NN starlets/NNS,0,0,1.5,0,0,0
piss/JJ ant/NN,1.4,0,0,0,0,0
piss/JJ flaps/NNS,1.5,0,0,0,0,0
piss/JJ pic/NN,1.8,0,0,0,0,0
piss/JJ play/NN,1.5,0,0,0,0,0
piss/JJ slit/NN,1.6,0,0,0,0,0
piss/NN,1,0,0,0,0,0
piss/NN and/CC moan/NN,1.2,0,0,0,0,0
piss/NN and/CC vinegar/NN,1.2,0,0,0,0,0
piss/VB away/RB,1.2,0,0,0,0,0
piss/VB off/RB,1.2,0,0,0,0,0
piss/VB PRT off/RP,1.4,0,0,0,0,0
piss/VB up/RP a/DT rope/NN,1.2,0,0,0,0,0
pissed/JJ,1.4,0,0,0,0,0
pissin/NN like/IN a/DT race/NN horse/NN,1.2,0,0,0,0,0
pissing/NN contest/NN,1.2,0,0,0,0,0
play/NN,0,0.2,0,0,0,0
play/NN with/IN dildo/NNS,1.8,0,0,0,0,0
play/NN with/IN SBJ,1.6,0,0,0,0,0
play/NN with/IN SBJ$ penis/NN,1.5,0,0,0,0,0
playboy/NN,0,0,1.5,0,0,0
playground/NN,0,0.35,0,0,0,0
playmate/NN,0,0,1.5,0,0,0
pleasure/NN ball/NN,0,0,1.6,0,0,0
plug/NN,0,0.2,0,0,0,0
plug/NN every/DT orifice/NN,1.7,0,0,0,0,0
plump/NN babe/NN,1.4,0,0,0,0,0
plumper/NN puss/NN,1.5,0,0,0,0,0
polack/NN,1.4,0,0,0,0,0
polish/VB SBJ$ knob/NN,1.7,0,0,0,0,0
poo/NN poo/NN,1.4,0,0,0,0,0
poo/NN sex/NN,1.8,0,0,0,0,0
poofters/NNS,1.4,0,0,0,0,0
poontang/NN,1.1,0,0,0,0,0
poop/NN,1.8,0,0,0,0,0
poosex/NN,1.8,0,0,0,0,0
pork/NN flute/NN,1.7,0,0,0,0,0
pork/VB SBJ,1.2,0,0,0,0,0
porn/NN,0,0,1.8,0,0,0
porn/NN pass/NN,0,0,1.2,0,0,0
porn/NN site/NN,0,0,1.8,0,0,0
porn/NN star/NN,0,0,1.8,0,0,0
porn0/NN,0,0,1.6,0,0,0
pornhole/NN,0,0,0.5,0,0,0
pornholio/NN,0,0,1.1,0,0,0
pornmegabucks/NNS,0,0,1.8,0,0,0
porno/NN,0,0,1.2,0,0,0
porno/NN ezine/NN,0,0,1.2,0,0,0
porno/NN membership/NN,0,0,1.8,0,0,0
porno/NN pass/NN,0,0,1.6,0,0,0
pornographic/JJ,0,0,1.2,0,0,0
pornography/NN,0,0,1.8,0,0,0
porno-pass/NN,0,0,1.6,0,0,0
pornostar/NN,0,0,1.2,0,0,0
porn-pass/NN,0,0,1.6,0,0,0
pornshop/NN,0,0,1.1,0,0,0
pornstar/NN,0,0,1.8,0,0,0
pornstar/NN ezine/NN,0,0,1.2,0,0,0
pornstar/NN fetish/NN,0,0,1.8,0,0,0
portfolio/NN fetish/NN,0,0,1.5,0,0,0
portfolio/NN glamour/NN,0,0,1.5,0,0,0
pose/VB nude/NN,0,0,1.5,0,0,0
pound/VB SBJ$ pud/NN,1.4,0,0,0,0,0
pounding/NN,0,0.35,0,0,0,0
pr0n/NN,1.3,0,0,0,0,0
precum/NN,1.2,0,0,0,0,0
pre-cum/NN,1.2,0,0,0,0,0
pregnant/JJ hardcore/NN,0,0,1.8,0,0,0
pregnant/JJ sex/NN,0,0,1.3,0,0,0
premium/NN adult/NN site/NN,0,0,1.8,0,0,0
premium/NN hardcore/NN,0,0,1.8,0,0,0
pre-teen/JJ anal/NN,0,0,1.4,0,0,0
pre-teen/JJ bald/JJ,0,0,1.4,0,0,0
pre-teen/JJ cherry/NN,0,0,1.6,0,0,0
pre-teen/JJ fetish/JJ,0,0,1.6,0,0,0
pre-teen/JJ galler/NN,0,0,1.8,0,0,0
pre-teen/JJ lolita/NN,0,0,1.8,0,0,0
pre-teen/JJ pic/NN,0,0,1.8,0,0,0
pre-teen/JJ video/NN,0,0,1.6,0,0,0
preteen/NN,0,0,0,0.5,0,0
pre-teen/NN,0,0,1.6,0,0,0
preteen/NN anal/NN,0,0,1.4,0,0,0
preteen/NN cherries/NNS,0,0,1.6,0,0,0
preteen/NN erotica/NN,0,0,1.8,0,0,0
preteen/NN fetish/NN,0,0,1.6,0,0,0
preteen/NN flesh/NN,0,0,1.7,0,0,0
preteen/NN galler/NN,0,0,1.8,0,0,0
preteen/NN kiddy/NN,0,0,1.8,0,0,0
preteen/NN lolita/NN,0,0,1.8,0,0,0
preteen/NN pic/NN,0,0,1.8,0,0,0
preteen/RB bald/JJ,0,0,1.5,0,0,0
preteen-erotica/NN,0,0,1.8,0,0,0
preteenflower/NN,0,0,1.8,0,0,0
pretty/RB nude/JJ,0,0,1.5,0,0,0
prick/NN,1.4,0,0,0,0,0
prick/NN juice/NN,1.7,0,0,0,0,0
prick/NN tease/NN,1.3,0,0,0,0,0
prostitute/NN,0,0,1.1,0,0,0
prostitution/NN,0,0,1.1,0,0,0
PRT up/RP SBJ$ arse/NN,1.3,0,0,0,0,0
PRT up/RP SBJ$ ass/NN,1.3,0,0,0,0,0
PRT up/RP skirt/NN,1.8,0,0,0,0,0
pubescent/JJ female/NN,0,0,1.6,0,0,0
public/JJ flashings/NNS,0,0,1.8,0,0,0
public/JJ nude/NN,0,0,1.8,0,0,0
public/JJ nudity/NN,0,0,1.8,0,0,0
public/JJ sex/NN,0,0,1.8,0,0,0
public/JJ shitting/NN,1.3,0,0,0,0,0
puffy/JJ nipple/NN,1.8,0,0,0,0,0
pull/VB SBJ$ johnson/NN,1.3,0,0,0,0,0
pull/VB SBJ$ pud/NN,1.4,0,0,0,0,0
pump/VB SBJ$ arse/NN,1.8,0,0,0,0,0
pump/VB SBJ$ ass/NN,1.8,0,0,0,0,0
pump/VB SBJ$ bone/NN,1.7,0,0,0,0,0
pump/VB thoroughly/RB,1.4,0,0,0,0,0
punishment/NN,1.4,0,0,0,0,0
punk/NN,0,0.5,0,0,0,0
puntang/NN,1.4,0,0,0,0,0
pure/JJ hardcore/NN,0,0,1.8,0,0,0
pussy/JJ hair/NN,1.8,0,0,0,0,0
pussy/JJ leak/NN,1.8,0,0,0,0,0
pussy/JJ lip/NN,1.4,0,0,0,0,0
pussy/JJ lips/NNS,1.4,0,0,0,0,0
pussy/JJ ooze/NN,1.8,0,0,0,0,0
pussy/JJ whip/NN,1.4,0,0,0,0,0
pussy/NN,1.6,0,0,0,0,0
pussy/NN crammed/VBD full/JJ,1.8,0,0,0,0,0
pussy/NN get/VB drill/VB,1.8,0,0,0,0,0
pussy/NN open/JJ wide/JJ,1.8,0,0,0,0,0
pussycam/NN,1.8,0,0,0,0,0
pussy-cam/NN,1.8,0,0,0,0,0
pussydick/NN,1.4,0,0,0,0,0
pussylip/NN,1.4,0,0,0,0,0
pussy-pounding/NN,1.8,0,0,0,0,0
pussy-stretching/NN,1.6,0,0,0,0,0
putas/NNS,1.5,0,0,0,0,0
quality/NN adult/NN,0,0,1.8,0,0,0
queer/JJ,0,0.5,0,0,0,0
quefe/NN,1.4,0,0,0,0,0
quief/NN,1.4,0,0,0,0,0
raghead/NN,1.25,0,0,0,0,0
ram/VB,0,0.5,0,0,0,0
ramming/NN,0,0.5,0,0,0,0
rape/NN,0,0,1.4,0,0,0
rape/VB,0,0,1.5,0,0,0
raped/JJ,0,0,1.5,0,0,0
rapelove/NN,0,0,1.6,0,0,0
rape-oriented/JJ,0,0,1.6,0,0,0
rapist/JJ fetish/JJ,0,0,1.4,0,0,0
rapist/JJ hardcore/NN,0,0,1.2,0,0,0
rapist/NN,0,0,1.4,0,0,0
rate/VB x/NNP,0,0,1.2,0,0,0
ratedx/NN,0,0,1.2,0,0,0
ratedxxx/NN,0,0,1.3,0,0,0
raunchy/JJ amateur/NN,0,0,1.4,0,0,0
raunchy/NN,0,0,1.1,0,0,0
raw/JJ nude/NN teen/NN,0,0,1.8,0,0,0
raw/JJ sex/NN,0,0,1.5,0,0,0
raw/JJ sex/NN video/NN,0,0,1.5,0,0,0
real/JJ anal/NN,0,0,1.7,0,0,0
real/JJ breast/NN,0,0,1.5,0,0,0
real/JJ gangbang/NN,0,0,1.4,0,0,0
real/JJ life/NN roots/NNS,0,0,1.7,0,0,0
real/JJ lolita/NN,0,0,1.7,0,0,0
real/JJ porn/NN star/NN,0,0,1.8,0,0,0
real/JJ pornstar/NN,0,0,1.8,0,0,0
real/JJ private/JJ teen/NN,0,0,1.6,0,0,0
real/JJ teen/NN pic/NN,0,0,1.8,0,0,0
real/JJ teen/NN sex/NN,0,0,1.8,0,0,0
realdoll/NN,0,0,1.7,0,0,0
ream/VB,0,0.5,0,0,0,0
reaming/NN,0,0.5,0,0,0,0
rectum/NN,0.5,0,0,0,0,0
retard/NN,1.4,0,0,0,0,0
retard/VB,1.4,0,0,0,0,0
retarded/JJ,1.4,0,0,0,0,0
rim/VB,0,0.5,0,0,0,0
rimjob/NN,1.8,0,0,0,0,0
rimming/NN,0,0.5,0,0,0,0
rock/NN hard/JJ,0,0.5,0,0,0,0
rock/NN solid/JJ,0,0.5,0,0,0,0
rocking/NN horse/NN shit/NN,1.2,0,0,0,0,0
rocking-horse/NN shit/NN,1.2,0,0,0,0,0
rogering/NN,1.4,0,0,0,0,0
root/NN slut/NN,1.7,0,0,0,0,0
rooting/NN,0,0.5,0,0,0,0
rotflmfao/NN,1.4,0,0,0,0,0
rub/VB SBJ,0,0.5,0,0,0,0
rub/VB SBJ$,0,0.5,0,0,0,0
rub/VB SBJ$ stiffy/NN,1.6,0,0,0,0,0
rub/VB the/DT wad/NN,1.4,0,0,0,0,0
rubber/NN,0,0.35,0,0,0,0
rugmunch/NN,1.5,0,0,0,0,0
rump/NN ranger/NN,1.4,0,0,0,0,0
russian/JJ ezine/NN,0,0,1.2,0,0,0
russian/JJ hooker/NN,0,0,1.2,0,0,0
russian/JJ lolita/NN,0,0,1.7,0,0,0
russian/JJ rape/NN,0,0,1.4,0,0,0
sadomasochism/NN,0,0,1.3,0,0,0
saigon/DT slut/NN,0,0,1.6,0,0,0
sambo/JJ,1.45,0,0,0,0,0
satisfy/VB SBJ$ fetish/NN,0,0,1.8,0,0,0
SBJ$ arse/NN,0,0,0,0,0,0
SBJ$ ass/NN,0,0,0,0,0,0
SBJ$ ball/NN,1.8,0,0,0,0,0
SBJ$ doodle/NN,1.3,0,0,0,0,0
SBJ$ fat/JJ ass/NN,1.3,0,0,0,0,0
SBJ$ mama/NN,0,0.5,0,0,0,0
SBJ$ mom/NN,0,0.5,0,0,0,0
SBJ$ mother/NN,0,0.5,0,0,0,0
SBJ$ shaft/NN,1.4,0,0,0,0,0
scantily/RB,0,0,1.1,0,0,0
scat/NN,0,0.5,0,0,0,0
schlong/JJ,1.4,0,0,0,0,0
schmeka/NN,1.4,0,0,0,0,0
school/NN girl/NN,0,0,0,0.5,0,0
school/NN girl/NN fetish/NN,0,0,1.4,0,0,0
schoolgirl/NN,0,0,0,0.5,0,0
school-girl/NN,0,0,0,0.5,0,0
schoolgirl/NN ezine/NN,0,0,1.2,0,0,0
schoolgirl/NN fetish/NN,0,0,1.4,0,0,0
schoolgirl/NN free/JJ,0,0,1.4,0,0,0
schoolgirl/NN sex/NN,0,0,1.4,0,0,0
screw/NN,1.4,0,0,0,0,0
screw/NN off/RB,1.4,0,0,0,0,0
screw/NN SBJ,1.4,0,0,0,0,0
screw/NN that/IN,1.4,0,0,0,0,0
scrog/NN,1.4,0,0,0,0,0
see/VB thru/NN,0,0.5,0,0,0,0
seed/NN,0,0.5,0,0,0,0
self-stimulation/NN,0,0,1.3,0,0,0
semen/JJ action/NN,0,0,1.6,0,0,0
semen/NNS,0,0,0.5,0,0,0
series/NN photos/NNS,0,0,1.2,0,0,0
series/NN pic/NN,0,0,1.3,0,0,0
sex/NN,0,0,1.8,0,0,0
sex/NN game/NN,0,0,1.8,0,0,0
sex/NN life/NN,0,0,1.2,0,0,0
sex/NN pic/NN,0,0,0,0.5,0,0
sex/NN shop/NN,0,0,1.8,0,0,0
sex/NN show/NN,0,0,1.8,0,0,0
sex/NN site/NN,0,0,1.6,0,0,0
sex/NN story/NN,0,0,0,0.5,0,0
sex/NN toy/NN,0,0,1.8,0,0,0
sexcam/NN,0,0,1.5,0,0,0
sexcheck/NN,0,0,1.8,0,0,0
sexfeed/NN,0,0,1.8,0,0,0
sexfest/NN,0,0,1.8,0,0,0
sex-hungry/JJ,0,0,1.8,0,0,0
sexiest/NN,0,0,0.5,0,0,0
sexkey/NN,0,0,1.8,0,0,0
sexmall/NN,0,0,1.8,0,0,0
sexo/NN,0,0,1.2,0,0,0
sexologist/NN,0,0,0.5,0,0,0
sexology/NN,0,0,0.5,0,0,0
sexplore/NN,0,0,1.1,0,0,0
sexshop/NN,0,0,1.8,0,0,0
sextoy/NN,0,0,1.4,0,0,0
sextoy/NN fetish/NN,0,0,1.4,0,0,0
sextracker/NN,0,0,1.8,0,0,0
sexual/JJ,0,0,1.1,0,0,0
sexual/JJ act/NN,0,0,1.8,0,0,0
sexual/JJ content/NN,0,0,1.8,0,0,0
sexuality/NN,0,0,0.5,0,0,0
sexually/RB,0,0,0.5,0,0,0
sexually/RB explicit/JJ,0,0,1.6,0,0,0
sexually/RB orient/VB,0,0,1.1,0,0,0
sexually/RB oriented/JJ,0,0,1.1,0,0,0
sexually/RB wild/JJ,0,0,1.4,0,0,0
sexxx/NN,0,0,1.6,0,0,0
sexxxhosting/NN,0,0,1.8,0,0,0
sexy/JJ,0,0,1.4,0,0,0
sexy/JJ ass/NN,0,0,1.1,0,0,0
sexy/JJ ladies/NNS,0,0,1.2,0,0,0
sexy/JJ lady/NN,0,0,1.2,0,0,0
sexy/JJ nudes/NNS,0,0,1.8,0,0,0
shalong/RB,1.1,0,0,0,0,0
shave/VB beaver/NN,1.8,0,0,0,0,0
shave/VB clam/NN,1.8,0,0,0,0,0
shave/VB lolita/NN,1.8,0,0,0,0,0
shave/VB pussy/NN,1.8,0,0,0,0,0
shave/VB smoo/RB,1.6,0,0,0,0,0
shave/VB snatch/NN,1.8,0,0,0,0,0
shaven/NN beaver/NN,1.8,0,0,0,0,0
shaven/NN clam/NN,1.8,0,0,0,0,0
shaven/NN haven/NN,1.8,0,0,0,0,0
shaven/NN lolita/NN,1.8,0,0,0,0,0
shaven/NN pussy/NN,1.8,0,0,0,0,0
she/SBJ is/VBZ a/DT bbw/NN,1.4,0,0,0,0,0
sheer/JJ bikini/NN,1.5,0,0,0,0,0
sheister/NN,1.4,0,0,0,0,0
shemale/NN,0,0,1.2,0,0,0
shemalelive/NN,0,0,1.8,0,0,0
shit/NN,1.4,0,0,0,0,0
shit/NN ass/NN,1.4,0,0,0,0,0
shit/NN face/NN,1.4,0,0,0,0,0
shit/NN for/IN brains/NNS,1.4,0,0,0,0,0
shit/NN head/NN,1.4,0,0,0,0,0
shit/NN mustache/NN,1.5,0,0,0,0,0
shit/NN on/IN SBJ$ face/NN,1.8,0,0,0,0,0
shit/NN on/IN there/EX face/NN,1.8,0,0,0,0,0
shit/VB,1.4,0,0,0,0,0
shit/VB or/CC get/VB off/IN the/DT pot/NN,1.2,0,0,0,0,0
shit/VB out/IN of/IN luck/NN,1.4,0,0,0,0,0
shit/VB SBJ,1.2,0,0,0,0,0
shit/VB SBJ$ pants/NNS,1.2,0,0,0,0,0
shitass/NN,1.4,0,0,0,0,0
shite/NN,1.4,0,0,0,0,0
shit-eating/JJ grin/NN,1.2,0,0,0,0,0
shitface/NN,1.4,0,0,0,0,0
shitfuck/NN,1.3,0,0,0,0,0
shithead/NN,1.4,0,0,0,0,0
shithloe/NN,1.4,0,0,0,0,0
shithole/NN,1.4,0,0,0,0,0
shiting/NN,1.4,0,0,0,0,0
shitsex/NN,1.8,0,0,0,0,0
shitting/NN,1.6,0,0,0,0,0
shlong/JJ,1.1,0,0,0,0,0
shmegma/NN,1.4,0,0,0,0,0
shocking/JJ sex/NN,0,0,1.6,0,0,0
shoot/NN,0,0.5,0,0,0,0
shoot/VB a/DT wade/NN,1.4,0,0,0,0,0
shoot/VB off/RB,1.3,0,0,0,0,0
shoot/VB SBJ$ load/NN,1.6,0,0,0,0,0
shoot/VB the/DT shit/NN,1.2,0,0,0,0,0
shove/VB both/DT fists/NNS,1.5,0,0,0,0,0
show/VB off/IN SBJ$ body/NN,1.5,0,0,0,0,0
shower/VB in/IN piss/NN,1.8,0,0,0,0,0
shower/VB in/IN shit/NN,1.8,0,0,0,0,0
showercam/NN,1.3,0,0,0,0,0
shut/VBD the/DT hell/NN up/RB,1.4,0,0,0,0,0
shut/VBN the/DT fuck/NN up/RB,1.4,0,0,0,0,0
sickest/JJ sex/NN video/NN,0,0,1.8,0,0,0
signup/NN for/IN adult/JJ check/NN,0,0,1.8,0,0,0
sinful/JJ hardcore/NN,0,0,1.7,0,0,0
singles/VBZ club/NN,0,0,1.3,0,0,0
sized/VBD rack/NN,1.5,0,0,0,0,0
skanky/JJ ass/NN,1.8,0,0,0,0,0
skanky/NN,1.8,0,0,0,0,0
skimpy/JJ thong/NN,1.5,0,0,0,0,0
skinflute/NN,1.7,0,0,0,0,0
slackass/NN,1.4,0,0,0,0,0
slag/NN,1.4,0,0,0,0,0
slap/VB the/DT monkey/NN,1.5,0,0,0,0,0
slap/VB the/DT salami/NN,1.7,0,0,0,0,0
sleeze/NN,1.4,0,0,0,0,0
slid/VBD SBJ$,1.4,0,0,0,0,0
slide/VB SBJ$,1.8,0,0,0,0,0
slit/NN,1.4,0,0,0,0,0
sloppy/JJ anal/NN,1.6,0,0,0,0,0
slurp/VB down/IN semen/NNS,1.7,0,0,0,0,0
slurp/VB semen/NNS,1.7,0,0,0,0,0
slut/NN,1.4,0,0,0,0,0
slutfest/NN,1.4,0,0,0,0,0
slutiest/JJS,1.8,0,0,0,0,0
slutpuppy/NN,1.3,0,0,0,0,0
sluttiest/JJS,1.6,0,0,0,0,0
slutty/JJ bitch/NN,1.4,0,0,0,0,0
slutty/NN,1.2,0,0,0,0,0
smack/VB PRT off/RP,1.5,0,0,0,0,0
smagna/NN,1.4,0,0,0,0,0
smear/NN precum/NN,1.8,0,0,0,0,0
smear/NN pre-cum/NN,1.8,0,0,0,0,0
smear/VB pre-cum/JJ,1.8,0,0,0,0,0
smear/VB precum/NN,1.8,0,0,0,0,0
smear/VB shit/NN,1.3,0,0,0,0,0
smell/VB SBJ$ panties/NNS,1.8,0,0,0,0,0
smell/VB the/DT panties/NNS,1.8,0,0,0,0,0
smoo/NN,1.5,0,0,0,0,0
smoo/RB juice/NN,1.7,0,0,0,0,0
smut/NN,0,0.5,0,0,0,0
snatch/NN,1.5,0,0,0,0,0
sniff/NN panty/NN,1.7,0,0,0,0,0
snizzpod/NN,1.6,0,0,0,0,0
snuff/NN,1.3,0,0,0,0,0
soaked/JJ panties/NNS,1.8,0,0,0,0,0
soaking/JJ panties/NNS,1.8,0,0,0,0,0
soaking/JJ wet/JJ puss/NN,1.8,0,0,0,0,0
sodomize/VB,0,0,1.1,0,0,0
sodomy/NN,0,0,1.3,0,0,0
soft/JJ pussy/NN,1.5,0,0,0,0,0
softcore/NN,0,0,1.8,0,0,0
softcore/NN gallery/NN,0,0,1.3,0,0,0
softcore/NN image/NN,0,0,1.5,0,0,0
softest/NN pussy/NN,1.5,0,0,0,0,0
soggy/JJ sao/NN,1.3,0,0,0,0,0
sol/NN,1.4,0,0,0,0,0
son/NN of/IN a/DT bitch/NN,1.4,0,0,0,0,0
son/NN of/IN a/DT whore/NN,1.4,0,0,0,0,0
spaggar/NN,1.45,0,0,0,0,0
spaghettivreters/NNS,1.25,0,0,0,0,0
spank/VB the/DT monkey/NN,1.5,0,0,0,0,0
spank/VB the/DT stick/NN,1.5,0,0,0,0,0
spanking/JJ desire/NN,1.8,0,0,0,0,0
sperm/NN,0,0,0,0.5,0,0
sperm/VB the/DT worm/NN,1.7,0,0,0,0,0
sphincter/NN fog/NN,1.2,0,0,0,0,0
spic/NN,1.4,0,0,0,0,0
spinchter/NN,1.1,0,0,0,0,0
spleetoog/NN,1.25,0,0,0,0,0
spray/VB SBJ$ load/NN,1.8,0,0,0,0,0
spread/VB SBJ$ legs/NN,1.8,0,0,0,0,0
spring/NN break/NN nudity/NN,0,0,1.8,0,0,0
spunk/NN drinker/NN,1.8,0,0,0,0,0
spunk/NN drinking/NN,1.8,0,0,0,0,0
spunk/NN gargler/NN,1.8,0,0,0,0,0
spunk/NN gargling/NN,1.8,0,0,0,0,0
spunk/VB on/IN SBJ$ face/NN,1.8,0,0,0,0,0
spunk/NN swallow/NN,1.8,0,0,0,0,0
spunk/VB on/IN,1.6,0,0,0,0,0
spunk/VB in/IN,1.6,0,0,0,0,0
spy/NN cam/NN,0,0,1.2,0,0,0
spy/NN on/IN young/JJ women/NNS,0,0,1.8,0,0,0
squirt/VB pic/NN,0,0,1.5,0,0,0
squirt/VB pictures/NNS,0,0,1.5,0,0,0
squirt/VB show/NN,0,0,1.6,0,0,0
squirt/VB video/NN,0,0,1.5,0,0,0
steamy/NN sex/NN,0,0,1.5,0,0,0
sticky/JJ facial/NN,1.5,0,0,0,0,0
stimulate/VB SBJ$,1.6,0,0,0,0,0
stimulator/NN,0,0,0,0.35,0,0
strangle/VB the/DT goose/JJ,1.5,0,0,0,0,0
strap/NN on/IN,1.4,0,0,0,0,0
strap/NN on/IN dildo/NN,1.5,0,0,0,0,0
strap/NN on/IN penis/NN,1.5,0,0,0,0,0
strap-on/JJ dildo/NN,1.5,0,0,0,0,0
strap-on/JJ penetration/NN,1.7,0,0,0,0,0
strap-on/JJ penis/NNS,1.5,0,0,0,0,0
strapon/NN penetration/NN,1.7,0,0,0,0,0
streaming/VBG sex/NN vid/NN,0,0,1.8,0,0,0
strictly/RB panties/NNS,1.5,0,0,0,0,0
strip/NN club/NN party/NN,0,0,1.7,0,0,0
strip/NN poker/NN,0,0,0.5,0,0,0
strip/NN to/TO naked/JJ,0,0,1.4,0,0,0
stripclubs/NNS,0,0,1.8,0,0,0
stripper/NN,0,0,1.1,0,0,0
stripping/NN,0,0,1.8,0,0,0
strips/NNS panties/NNS,1.7,0,0,0,0,0
stroke/VB SBJ$,1.6,0,0,0,0,0
stroke/VB SBJ$ meat/NN,1.6,0,0,0,0,0
strut/NN PP for/IN,1.5,0,0,0,0,0
stuck/VBN in/IN all/DT holes/NNS,1.4,0,0,0,0,0
stud/NN,0,0.5,0,0,0,0
stupid/JJ,1.4,0,0,0,0,0
suck/NN,0,0,0,0,0,0
suck/NN face/NN,1.2,0,0,0,0,0
suck/NN SBJ off/RB,1.4,0,0,0,0,0
suck/VB black/JJ,1.8,0,0,0,0,0
suck/VB chrome/NN,1.6,0,0,0,0,0
suck/VB donkey/NN ball/NN,1.2,0,0,0,0,0
suck/VB it/PRP up/RB,1.2,0,0,0,0,0
suck/VB SBJ off/RB,1.7,0,0,0,0,0
suck/VB SBJ$ ball/NN,1.8,0,0,0,0,0
suck/VB SBJ$ dick/NN,1.4,0,0,0,0,0
suck/VB the/DT chrome/NN,1.6,0,0,0,0,0
suck/VB up/IN,1.2,0,0,0,0,0
sucker/NN,1.4,0,0,0,0,0
suckes/NNS,1.4,0,0,0,0,0
suckoff/JJ arena/NN,1.7,0,0,0,0,0
super/JJ fucking/NN fat/NN,1.8,0,0,0,0,0
swallow/VB SBJ$ load/NN,1.8,0,0,0,0,0
swedish/JJ sex/NN ton/NN,1.8,0,0,0,0,0
sweet/JJ ass/NN,1.3,0,0,0,0,0
sweet/JJ puss/NN,1.8,0,0,0,0,0
swinger/JJR central/JJ,0,0,1.8,0,0,0
swinger/NN,0,0,0,0.5,0,0
swinger/NN parties/NNS,0,0,1.5,0,0,0
swinger/NN party/NN,0,0,1.5,0,0,0
swingers/NNS,0,0,1.1,0,0,0
swingers/NNS parties/NNS,0,0,1.5,0,0,0
swingers/NNS party/NN,0,0,1.5,0,0,0
swingers/NNS personals/NNS,0,0,1.8,0,0,0
syphyllis/NN,0,0,0,0.5,0,0
taboo/NN fantasy/NN,0,0,1.5,0,0,0
taboo/NN free/JJ,0,0,1.3,0,0,0
taboo/NN sex/NN,0,0,1.3,0,0,0
take/VB SBJ in/IN every/DT hole/NN,1.8,0,0,0,0,0
take/VB SBJ in/IN the/DT ass/NN,1.8,0,0,0,0,0
take/VB SBJ like/IN a/DT bitch/NN,1.8,0,0,0,0,0
take/VB SBJ$ clothes/NNS PRT off/RP,0,0,1.8,0,0,0
taste/NN black/JJ,1.7,0,0,0,0,0
tasty/JJ ass/NN,1.6,0,0,0,0,0
tearing/VBG,0,0.5,0,0,0,0
teen/NN,0,0.5,0,0,0,0
teen/NN babe/NN,1.2,0,0,0,0,0
teen/NN first/JJ time/NN,1.3,0,0,0,0,0
teen/NN sex/NN,0,0,1.8,0,0,0
teencum/NN,1.8,0,0,0,0,0
teenmodel/NN,1.5,0,0,0,0,0
testicle/NN,0,0,1.1,0,0,0
the/DT sex/NN mall/NN,0,0,1.8,0,0,0
think/VB SBJ$ shit/NN does/VBZ n't/RB stink/VB,1.2,0,0,0,0,0
threesome/NN,0,0,1.5,0,0,0
threeway/NN sex/NN,1.7,0,0,0,0,0
throbbing/VBG rod/NN,1.5,0,0,0,0,0
thumbnailed/JJ erotic/JJ,1.8,0,0,0,0,0
thumbnailed/VBN,1.8,0,0,0,0,0
tick/VB PRT off/RP,1.4,0,0,0,0,0
tickle/VB SBJ$ ball/NN,1.6,0,0,0,0,0
tie/VB and/CC fucked/JJ,1.7,0,0,0,0,0
tight/JJ,0,0.5,0,0,0,0
till/IN SBJ$ balls/NN be/VB dry/JJ,1.8,0,0,0,0,0
till/IN SBJ$ balls/NN go/VB dry/JJ,1.8,0,0,0,0,0
tit/NN,1.8,0,0,0,0,0
tit/NN man/NN,1.8,0,0,0,0,0
tits/NNS,0,0,0,0,0,0
tittie/NN,1.8,0,0,0,0,0
titties/NNS,1.4,0,0,0,0,0
titty/JJ,1.8,0,0,0,0,0
titty/JJ sucker/NN,1.4,0,0,0,0,0
to/TO dick/VB,1.8,0,0,0,0,0
to/TO screw/NN,0,0.5,0,0,0,0
to/TO suck/VB,0,0.5,0,0,0,0
toe/NN jam/NN,1.4,0,0,0,0,0
toilet/NN cam/NN,1.8,0,0,0,0,0
toilet/NN humiliation/NN,1.6,0,0,0,0,0
toilet/NN sex/NN,1.8,0,0,0,0,0
toiletcam/NN,1.8,0,0,0,0,0
toilet-cam/NN,1.8,0,0,0,0,0
toiletsex/NN,1.8,0,0,0,0,0
toilet-sex/NN,1.8,0,0,0,0,0
tongue/NN bath/NN,1.7,0,0,0,0,0
tool/NN,0,0.5,0,0,0,0
toon/NN erotica/NN,0,0,1.8,0,0,0
top/JJ adult/NN site/NN,0,0,1.5,0,0,0
top/JJ heavy/JJ babe/NN,1.6,0,0,0,0,0
topless/JJ,0,0,1.5,0,0,0
topless/JJ amateur/NN,0,0,1.5,0,0,0
topless/JJ nude/NN,0,0,1.6,0,0,0
topless/JJ photo/NN,0,0,1.8,0,0,0
topless/JJ pic/NN,0,0,1.8,0,0,0
topless/JJ teen/NN,0,0,1.5,0,0,0
torture/NN sex/NN,0,0,1.6,0,0,0
tortured/JJ pussy/NN,1.5,0,0,0,0,0
tosser/VB,1.4,0,0,0,0,0
totally/RB nude/JJ,1.6,0,0,0,0,0
tough/JJ shit/NN,1.4,0,0,0,0,0
tour/NN free/JJ fetish/NN,1.4,0,0,0,0,0
tour/NN free/JJ slut/NN,1.4,0,0,0,0,0
tramp/NN,1.4,0,0,0,0,0
tranny/JJ heaven/NN,1.6,0,0,0,0,0
tranny/JJ sex/NN,1.6,0,0,0,0,0
tranny/NN,1.8,0,0,0,0,0
transexual/JJ encounter/NN,0,0,1.6,0,0,0
transgender/NN,0,0,1.2,0,0,0
transsexual/NN,0,0,1.2,0,0,0
transvestite/NN,0,0,1.2,0,0,0
triple/JJ penetration/NN,0,0,1.8,0,0,0
turd/JJ eating/NN,1.8,0,0,0,0,0
turd/NN munching/NN,1.8,0,0,0,0,0
twat/IN loving/VBG,1.8,0,0,0,0,0
twat/JJ eater/NN,1.8,0,0,0,0,0
twat/JJ eating/NN,1.8,0,0,0,0,0
twat/JJ licking/NN,1.8,0,0,0,0,0
twat/JJ pounder/NN,1.8,0,0,0,0,0
twat/JJ pounding/NN,1.8,0,0,0,0,0
twat/JJ sucking/NN,1.8,0,0,0,0,0
twat/NN,1.8,0,0,0,0,0
underage/NN lolita/NN,0,0,1.8,0,0,0
underground/JJ archive/NN,0,0,1.3,0,0,0
underground/JJ rape/NN,0,0,1.5,0,0,0
unfaithful/JJ .com/NN,0,0,1.8,0,0,0
unique/JJ nude/NN,0,0,1.7,0,0,0
unseen/JJ teen/NN,0,0,1.4,0,0,0
up/IN shit/NN creek/NN without/IN a/DT paddle/NN,1.2,0,0,0,0,0
up/RB shit/NN creek/NN,1.2,0,0,0,0,0
up/RP the/DT butt/NN,1.4,0,0,0,0,0
upskirt/NN,1.7,0,0,0,0,0
urophile/NN,1.1,0,0,0,0,0
vagina/NN,0,0,0.5,0,0,0
valuesex/NN,1.7,0,0,0,0,0
venereal/NN,0,0,0.5,0,0,0
vertical/JJ taco/NN,1.4,0,0,0,0,0
vibrator/NN,0,0.5,0,0,0,0
video/NN,0,0.2,0,0,0,0
virgin/NN,0,0.5,0,0,0,0
virginity/NN,0,0.5,0,0,0,0
vitrator/NN,1.4,0,0,0,0,0
voyeur/NN,0,0,0.5,0,0,0
voyeur/NN cam/NN,0,0,1.8,0,0,0
voyeur/NN dorm/NN,0,0,1.8,0,0,0
voyeur/NN ezine/NN,0,0,1.2,0,0,0
voyeurcam/NN,0,0,1.8,0,0,0
voyuer/NN dorm/NN,0,0,1.8,0,0,0
vulgar/NN,0,0,0.3,0,0,0
vulva/NN,0,0,0.5,0,0,0
wang/NN,0,0.5,0,0,0,0
wank/NN,1.3,0,0,0,0,0
wank/NN on/IN,1.4,0,0,0,0,0
wank/NN with/IN,1.3,0,0,0,0,0
wank/VB all/DT over/IN,1.6,0,0,0,0,0
wank/VB PRT off/RP,1.2,0,0,0,0,0
wanker/NN,1.1,0,0,0,0,0
wanking/NN,1.2,0,0,0,0,0
watch/VB SBJ strip/VB,0,0,1.4,0,0,0
watch/VB SBJ$ girl/NN,0,0,1.3,0,0,0
watch/VB SBJ$ strip/NN,0,0,1.4,0,0,0
weat/NN back/RB,1.4,0,0,0,0,0
webcam/NN girl/NN,0,0,1.3,0,0,0
web-cam/NN girl/NN,0,0,1.3,0,0,0
well/RB hung/VBD,1.7,0,0,0,0,0
wet/JJ action/NN,0,0,1.8,0,0,0
wet/JJ spot/NN,1.2,0,0,0,0,0
wet/JJ young/JJ,1.6,0,0,0,0,0
wet/NN facial/NN,1.7,0,0,0,0,0
wet/NN hole/NN,1.9,0,0,0,0,0
wet/NN n/NN wild/JJ,1.5,0,0,0,0,0
wet/NN panty/NN,1.5,0,0,0,0,0
wet/NN pussy/NN,1.4,0,0,0,0,0
wet/NN tshirt/NN,1.2,0,0,0,0,0
wet/NN t-shirt/NN,1.2,0,0,0,0,0
wetback/NN,1.4,0,0,0,0,0
wetdream/NN,0.5,0,0,0,0,0
wetpussy/NN,1.5,0,0,0,0,0
wh0re/JJ fetish/JJ,1.3,0,0,0,0,0
wh0re/NN,1.3,0,0,0,0,0
whack/VB PRT off/RP,1.6,0,0,0,0,0
when/WRB the/DT shit/NN hit/VB the/DT fan/NN,1.2,0,0,0,0,0
whip/VB SBJ$ turkey/NN,1.5,0,0,0,0,0
whips/NNS and/CC chains/NNS,1.3,0,0,0,0,0
white/JJ supremacy/NN,0,0,1.25,0,0,0
whitey/NN,1.25,0,0,0,0,0
whore/JJ dog/NN,1.4,0,0,0,0,0
whore/NN,1.3,0,0,0,0,0
whore/NN cam/NN,1.8,0,0,0,0,0
whorehouse/NN,1.2,0,0,0,0,0
whoring/NN,1.1,0,0,0,0,0
wigger/NN,1.25,0,0,0,0,0
woman/NN strip/NN,0,0,1.8,0,0,0
wop/NN,1.4,0,0,0,0,0
wops/NNS,1.25,0,0,0,0,0
x/JJ rated/VBN,0,0,1.2,0,0,0
x-entertainment/NN,0,0,1.4,0,0,0
xrated/VBN,0,0,1.2,0,0,0
xxx/NN,0,0,1.2,0,0,0
yellow/JJ rat/NN bastard/NN,1.4,0,0,0,0,0
young/JJ and/CC tight/JJ,1.6,0,0,0,0,0
young/JJ flesh/NN,1.3,0,0,0,0,0
young/JJ girl/NN,0,0,0,0.5,0,0
young/JJ lesbian/JJ lovers/NNS,0,0,1.8,0,0,0
young/JJ lolita/NN,0,0,1.5,0,0,0
young/JJ lolita/NN sexual/JJ,0,0,1.5,0,0,0
young/JJ model/NN,0,0,1.4,0,0,0
young/JJ nasty/JJ teen/NN,0,0,1.8,0,0,0
young/JJ nude/NN,0,0,1.4,0,0,0
young/JJ nympho/NNS,0,0,1.8,0,0,0
young/JJ pic/NN,0,0,1.3,0,0,0
young/JJ virgin/NN,0,0,1.8,0,0,0
youngest/JJS lolita/NN,1.8,0,0,0,0,0
youngest/JJS teen/NN,1.8,0,0,0,0,0
zoo/NN beastiality/NN,1.8,0,0,0,0,0
zoo/NN love/NN,1.3,0,0,0,0,0
zoo/NN passion/NN,1.5,0,0,0,0,0
zoo/NN sex/NN,1.8,0,0,0,0,0
