lemma[key],pos[key],positive,negative,sentiment,ambiguous,ambiguous-when-modified,positive-when-modified
abandon,v,0,1,0,0,0,0
abate,v,0,1,0,0,0,0
abdicate,v,0,1,0,0,0,0
abide,v,1,0,0,0,0,0
abject,a,0,1,0,0,0,0
abnormal,a,0,1,0,0,0,0
abolish,v,0,1,0,0,0,0
abominable,a,0,1,0,0,0,0
abound,v,1,0,0,0,0,0
abrasive,a,0,1,0,0,0,0
abscond,v,0,1,0,0,0,0
absent-minded,a,0,1,0,0,0,0
absentee,n,0,1,0,0,0,0
absolve,v,1,0,0,0,0,0
absorbent,a,1,0,0,0,0,0
absurdity,n,0,1,0,0,0,0
abuse,n,0,1,0,0,0,0
abuse,v,0,1,0,0,0,0
accede,v,1,0,0,0,0,0
accentuate,v,1,0,0,0,0,0
acceptable,a,1,0,0,0,0,0
accessible,a,1,0,0,0,0,0
acclaim,n,1,0,0,0,0,0
acclamation,n,1,0,0,0,0,0
accolade,n,1,0,0,0,0,0
accommodate,v,1,0,0,0,0,0
accommodation,n,1,0,0,0,0,0
accomplish,v,1,0,0,0,0,0
accost,v,0,1,0,0,0,0
accountable,a,1,0,0,0,0,0
accuracy,n,1,0,0,0,0,0
accurately,r,1,0,0,0,0,0
accurateness,n,1,0,0,0,0,0
accursed,a,0,1,0,0,0,0
accusation,n,0,1,0,0,0,0
accuse,v,0,1,0,0,0,0
achieve,v,1,0,0,0,0,0
acquaint,v,1,0,0,0,0,0
acute,a,0,0,1,0,0,0
adamance,n,0,0,0,0,0,0
adamant,a,0,0,1,0,0,0
adaptability,n,1,0,0,0,0,0
adaptable,a,1,0,0,0,0,0
adaptive,a,1,0,0,0,0,0
adeptness,n,1,0,0,0,0,0
adherent,a,1,0,0,0,0,0
adhesive,a,1,0,0,0,0,0
adjustable,a,1,0,0,0,0,0
adjusted,a,1,0,0,0,0,0
adjustment,n,1,0,0,0,0,0
admirable,a,1,0,0,0,0,0
admonish,v,0,1,0,0,0,0
adorable,a,1,0,0,0,0,0
adorn,v,1,0,0,0,0,0
adornment,n,1,0,0,0,0,0
adroit,a,1,0,0,0,0,0
adroitly,a,1,0,0,0,0,0
adulterate,v,0,1,0,0,0,0
adulteration,n,0,1,0,0,0,0
adultery,n,0,1,0,0,0,0
advance,v,1,0,0,0,0,0
advanced,a,1,0,0,0,0,0
advantage,n,1,0,0,0,0,0
advantageous,a,1,0,0,0,0,0
adventuresome,a,1,0,0,0,0,0
adventurous,a,1,0,0,0,0,0
adversary,n,0,1,0,0,0,0
adversity,n,0,1,0,0,0,0
advisable,a,1,0,0,0,0,0
affability,n,1,0,0,0,0,0
affable,a,1,0,0,0,0,0
affectation,n,0,1,0,0,0,0
affiliate,v,1,0,0,0,0,0
affirmation,n,1,0,0,0,0,0
afflict,v,0,1,0,0,0,0
affliction,n,0,1,0,0,0,0
affluence,n,1,0,0,0,0,0
affluent,a,1,0,0,0,0,0
aggression,n,0,1,0,0,0,0
aggressor,n,0,1,0,0,0,0
aggrieve,v,0,1,0,0,0,0
aghast,a,0,1,0,0,0,0
agile,a,1,0,0,0,0,0
agility,n,1,0,0,0,0,0
agitate,v,0,1,0,0,0,0
agitator,n,0,1,0,0,0,0
aid,n,1,0,0,0,0,0
aid,v,1,0,0,0,0,0
aimless,a,0,1,0,0,0,0
alarming,a,0,1,0,0,0,0
alcoholism,n,0,1,0,0,0,0
alertness,n,1,0,0,0,0,0
alight,a,1,0,0,0,0,0
allegation,n,0,1,0,0,0,0
allege,v,0,1,0,0,0,0
allegiance,n,1,0,0,0,0,0
allergic,a,0,1,0,0,0,0
alleviate,v,1,0,0,0,0,0
allied,v,1,0,0,0,0,0
allowable,a,1,0,0,0,0,0
allure,n,1,0,0,0,0,0
almighty,a,1,0,0,0,0,0
aloof,a,0,1,0,0,0,0
altercation,n,0,1,0,0,0,0
altruistic,a,1,0,0,0,0,0
amazing,a,1,0,0,0,0,0
ambitious,a,1,0,0,0,0,0
ambush,n,0,1,0,0,0,0
ambush,v,0,1,0,0,0,0
ameliorate,v,1,0,0,0,0,0
amenable,a,1,0,0,0,0,0
amiability,n,1,0,0,0,0,0
amicable,a,1,0,0,0,0,0
amputate,v,0,1,0,0,0,0
analogical,a,0,0,1,0,0,0
analogise,v,0,0,1,0,0,0
analogize,v,0,0,1,0,0,0
analogous,a,0,0,1,0,0,0
anarchist,n,0,1,0,0,0,0
anarchy,n,0,1,0,0,0,0
angel,n,1,0,0,0,0,0
angelic,a,1,0,0,0,0,0
annihilate,v,0,1,0,0,0,0
annihilation,n,0,1,0,0,0,0
anomalous,a,0,1,0,0,0,0
antagonist,n,0,1,0,0,0,0
anti-social,a,0,1,0,0,0,0
antiquated,a,0,1,0,0,0,0
antitrust,a,0,1,0,0,0,0
appease,v,1,0,0,0,0,0
applaud,v,1,0,0,0,0,0
aptitude,n,1,0,0,0,0,0
arbitrary,a,0,1,0,0,0,0
arbitrate,v,1,0,0,0,0,0
arduous,a,0,1,0,0,0,0
aristocratic,a,1,0,0,0,0,0
arrest,v,0,1,0,0,0,0
arrogance,n,0,1,0,0,0,0
artificial,a,0,1,0,0,0,0
ascribe,v,1,0,0,0,0,0
assail,v,0,1,0,0,0,0
assailant,n,0,1,0,0,0,0
assassin,n,0,1,0,0,0,0
assassinate,v,0,1,0,0,0,0
assault,n,0,1,0,0,0,0
assault,v,0,1,0,0,0,0
assist,n,1,0,0,0,0,0
assist,v,1,0,0,0,0,0
assistance,n,1,0,0,0,0,0
assure,v,1,0,0,0,0,0
astute,a,1,0,0,0,0,0
asunder,a,0,1,0,0,0,0
athletic,a,1,0,0,0,0,0
atrocious,a,0,1,0,0,0,0
atrophy,v,0,1,0,0,0,0
attack,n,0,1,0,0,0,0
attack,v,0,1,0,0,0,0
attractive,a,1,0,0,0,0,0
attractiveness,n,1,0,0,0,0,0
attune,a,1,0,0,0,0,0
audacity,n,0,1,0,0,0,0
audible,a,1,0,0,0,0,0
auspicious,a,1,0,0,0,0,0
austere,a,0,1,0,0,0,0
authentic,a,1,0,0,0,0,0
authenticity,n,1,0,0,0,0,0
authoritative,a,1,0,0,0,0,0
autocratic,a,0,1,0,0,0,0
availability,n,1,0,0,0,0,0
avarice,n,0,1,0,0,0,0
avaricious,a,0,1,0,0,0,0
avenge,n,0,1,0,0,0,0
award,v,1,0,0,0,0,0
awesome,a,1,0,0,0,0,0
awful,a,0,1,0,0,0,0
awkwardness,n,0,1,0,0,0,0
awkward,a,0,1,0,0,0,0
ax,v,0,1,0,0,0,0
back,v,1,0,0,0,0,0
backwardness,n,0,1,0,0,0,0
bad,a,0,1,0,0,0,0
worst,a,0,1,0,0,0,0
badly,a,0,1,0,0,0,0
bail,v,0,1,0,0,0,0
bait,v,0,1,0,0,0,0
bald-faced,a,0,0,1,0,0,0
balk,v,0,1,0,0,0,0
balmy,a,1,0,0,0,0,0
ban,v,0,1,0,0,0,0
banal,a,0,1,0,0,0,0
bandit,n,0,1,0,0,0,0
bane,n,0,1,0,0,0,0
banish,v,0,1,0,0,0,0
banishment,n,0,1,0,0,0,0
bankrupt,a,0,1,0,0,0,0
bankruptcy,n,0,1,0,0,0,0
bar,v,0,1,0,0,0,0
barbarian,n,0,1,0,0,0,0
barbarian,a,0,1,0,0,0,0
barbaric,a,0,1,0,0,0,0
barbarous,a,0,1,0,0,0,0
bare,a,0,0,1,0,0,0
barefaced,a,0,0,1,0,0,0
bareness,n,0,0,1,0,0,0
bargain,v,1,0,0,0,0,0
barmy,a,0,0,0,0,0,0
barren,a,0,0,0,0,0,0
bastard,n,0,1,0,0,0,0
battle,v,0,1,0,0,0,0
battlefield,n,0,1,0,0,0,0
batty,a,0,1,0,0,0,0
beacon,n,1,0,0,0,0,0
beastly,a,0,1,0,0,0,0
beat,v,0,1,0,0,0,0
beaten,a,0,1,0,0,0,0
beauteous,a,1,0,0,0,0,0
beautiful,a,1,0,0,0,0,0
beautify,v,1,0,0,0,0,0
beauty,n,1,0,0,0,0,0
befit,v,1,0,0,0,0,0
befitting,a,1,0,0,0,0,0
befriend,v,1,0,0,0,0,0
beg,v,0,1,0,0,0,0
behead,n,0,1,0,0,0,0
belated,a,0,1,0,0,0,0
belie,v,0,1,0,0,0,0
belittle,v,0,1,0,0,0,0
belt,v,0,1,0,0,0,0
beloved,a,1,0,0,0,0,0
benefactor,n,1,0,0,0,0,0
beneficent,a,1,0,0,0,0,0
beneficial,a,1,0,0,0,0,0
benefit,v,1,0,0,0,0,0
benevolent,a,1,0,0,0,0,0
bereave,v,0,1,0,0,0,0
bereavement,n,0,1,0,0,0,0
beseech,v,0,1,0,0,0,0
besiege,v,0,1,0,0,0,0
bestow,v,1,0,0,0,0,0
betray,v,0,1,0,0,0,0
betrayal,n,0,1,0,0,0,0
betroth,v,1,0,0,0,0,0
better,v,1,0,0,0,0,0
beware,v,0,1,0,0,0,0
bitchy,a,0,1,0,0,0,0
biting,a,0,1,0,0,0,0
bizarre,a,0,1,0,0,0,0
blackmail,v,0,1,0,0,0,0
blameless,a,1,0,0,0,0,0
bland,a,0,1,0,0,0,0
blast,v,0,1,0,0,0,0
blemish,n,0,1,0,0,0,0
bless,v,1,0,0,0,0,0
blind,v,0,1,0,0,0,0
blinding,a,0,1,0,0,0,0
blindly,r,0,1,0,0,0,0
blindness,a,0,1,0,0,0,0
block,v,0,1,0,0,0,0
blockhead,a,0,1,0,0,0,0
bloodshed,n,0,1,0,0,0,0
bloodthirsty,a,0,1,0,0,0,0
bloom,v,1,0,0,0,0,0
blossom,v,1,0,0,0,0,0
blow,n,0,1,0,0,0,0
blunt,a,0,1,0,0,0,0
blur,v,0,1,0,0,0,0
blurt,v,0,1,0,0,0,0
boast,v,0,1,0,0,0,0
boastful,a,0,1,0,0,0,0
bogus,a,0,1,0,0,0,0
boisterous,a,0,1,0,0,0,0
bold,a,0,0,1,0,0,0
boldness,n,0,0,1,0,0,0
bolster,v,1,0,0,0,0,0
bolt,v,0,1,0,0,0,0
bomb,n,0,1,0,0,0,0
bomb,v,0,1,0,0,0,0
bombard,v,0,1,0,0,0,0
bombardment,n,0,1,0,0,0,0
bondage,n,0,1,0,0,0,0
bonny,a,1,0,0,0,0,0
boost,v,1,0,0,0,0,0
boot,v,0,1,0,0,0,0
bother,n,0,1,0,0,0,0
bothersome,n,0,1,0,0,0,0
boundless,a,1,0,0,0,0,0
bountiful,a,1,0,0,0,0,0
bout,n,0,1,0,0,0,0
brag,v,0,1,0,0,0,0
brainy,a,1,0,0,0,0,0
brandish,v,0,1,0,0,0,0
brat,a,0,1,0,0,0,0
bravery,n,1,0,0,0,0,0
brawl,v,0,1,0,0,0,0
breach,v,0,1,0,0,0,0
breakdown,v,0,1,0,0,0,0
bribe,v,0,1,0,0,0,0
brightness,n,1,0,0,0,0,0
brilliance,n,1,0,0,0,0,0
brilliant,a,1,0,0,0,0,0
brittle,a,0,1,0,0,0,0
broken,a,0,1,0,0,0,0
brotherly,a,1,0,0,0,0,0
brusque,a,0,1,0,0,0,0
brutality,n,0,1,0,0,0,0
brute,n,0,1,0,0,0,0
brutish,a,0,1,0,0,0,0
buckle,v,0,1,0,0,0,0
bug,v,0,1,0,0,0,0
bungle,v,0,1,0,0,0,0
buoyant,a,1,0,0,0,0,0
burglar,n,0,1,0,0,0,0
burglary,n,0,1,0,0,0,0
busybody,n,0,1,0,0,0,0
butchery,n,0,1,0,0,0,0
callous,a,0,1,0,0,0,0
calm,v,1,0,0,0,0,0
cancer,n,0,1,0,0,0,0
candid,a,1,0,0,0,0,0
cannibal,n,0,1,0,0,0,0
capable,a,1,0,0,0,0,0
capital,a,0,1,0,0,0,0
capitalize,v,1,0,0,0,0,0
capitulate,v,0,1,0,0,0,0
capsize,v,0,1,0,0,0,0
captive,a,0,1,0,0,0,0
careful,a,1,0,0,0,0,0
careless,a,0,1,0,0,0,0
carelessness,n,0,1,0,0,0,0
caress,v,1,0,0,0,0,0
casual,a,1,0,0,0,0,0
cataclysm,n,0,1,0,0,0,0
catastrophe,n,0,1,0,0,0,0
cave,v,0,1,0,0,0,0
ceaseless,a,1,0,0,0,0,0
celebrate,v,1,0,0,0,0,0
censor,v,0,1,0,0,0,0
censure,v,0,1,0,0,0,0
ceremonial,a,1,0,0,0,0,0
chafe,a,0,1,0,0,0,0
challenge,v,0,1,0,0,0,0
chaos,n,0,1,0,0,0,0
chaotic,a,0,1,0,0,0,0
charisma,n,1,0,0,0,0,0
charitable,a,1,0,0,0,0,0
charity,n,1,0,0,0,0,0
charm,n,1,0,0,0,0,0
chase,n,0,1,0,0,0,0
chase,v,0,1,0,0,0,0
chaste,a,1,0,0,0,0,0
chastise,v,0,1,0,0,0,0
cheater,n,0,1,0,0,0,0
cherish,v,1,0,0,0,0,0
cherub,n,1,0,0,0,0,0
chic,a,1,0,0,0,0,0
chide,v,0,1,0,0,0,0
childish,a,0,1,0,0,0,0
chivalrous,a,1,0,0,0,0,0
chivalry,n,1,0,0,0,0,0
choke,v,0,1,0,0,0,0
chosen,a,1,0,0,0,0,0
chronic,a,0,1,0,0,0,0
civility,n,1,0,0,0,0,0
civilize,v,1,0,0,0,0,0
clarify,v,1,0,0,0,0,0
clash,v,0,1,0,0,0,0
clean,v,1,0,0,0,0,0
cleanliness,n,1,0,0,0,0,0
clear,v,1,0,0,0,0,0
clearer,a,1,0,0,0,0,0
clearest,a,1,0,0,0,0,0
clog,v,0,1,0,0,0,0
club,v,0,1,0,0,0,0
clumsy,a,0,1,0,0,0,0
clutter,n,0,1,0,0,0,0
co-operation,n,1,0,0,0,0,0
coarse,a,0,1,0,0,0,0
coarseness,n,0,1,0,0,0,0
coax,v,1,0,0,0,0,0
cockiness,n,0,1,0,0,0,0
cocky,a,0,1,0,0,0,0
coddle,v,1,0,0,0,0,0
coerce,v,0,1,0,0,0,0
coercion,n,0,1,0,0,0,0
coercive,a,0,1,0,0,0,0
cogent,a,1,0,0,0,0,0
cognizant,a,1,0,0,0,0,0
coherent,a,1,0,0,0,0,0
coldly,r,0,1,0,0,0,0
collapse,v,0,1,0,0,0,0
collide,v,0,1,0,0,0,0
collision,n,0,1,0,0,0,0
collusion,v,0,1,0,0,0,0
colossal,a,1,0,0,0,0,0
combat,n,0,1,0,0,0,0
combat,v,0,1,0,0,0,0
combatant,a,0,1,0,0,0,0
comely,a,1,0,0,0,0,0
comestible,a,1,0,0,0,0,0
comfy,a,1,0,0,0,0,0
commemorate,v,1,0,0,0,0,0
commend,v,1,0,0,0,0,0
commendable,a,1,0,0,0,0,0
commensurate,a,1,0,0,0,0,0
commitment,n,1,0,0,0,0,0
commodious,a,1,0,0,0,0,0
commotion,n,0,1,0,0,0,0
communal,a,1,0,0,0,0,0
communicate,v,1,0,0,0,0,0
compatible,a,1,0,0,0,0,0
compensate,v,1,0,0,0,0,0
compete,v,0,1,0,0,0,0
competence,n,1,0,0,0,0,0
competency,n,1,0,0,0,0,0
competent,a,1,0,0,0,0,0
competitor,n,0,1,0,0,0,0
complain,v,0,1,0,0,0,0
complaint,n,0,1,0,0,0,0
complement,v,1,0,0,0,0,0
complementary,a,1,0,0,0,0,0
completeness,n,1,0,0,0,0,0
complicate,v,0,1,0,0,0,0
complication,n,0,1,0,0,0,0
compliment,v,1,0,0,0,0,0
composure,n,1,0,0,0,0,0
comprehensive,a,1,0,0,0,0,0
compromise,v,1,0,0,0,0,0
compulsion,n,0,1,0,0,0,0
conceal,v,0,1,0,0,0,0
conclusive,a,1,0,0,0,0,0
condemn,v,0,1,0,0,0,0
condemnation,n,0,1,0,0,0,0
condescending,a,0,1,0,0,0,0
condescension,n,0,1,0,0,0,0
conducive,a,1,0,0,0,0,0
confess,v,0,1,0,0,0,0
confide,v,1,0,0,0,0,0
confine,v,0,1,0,0,0,0
confinement,n,0,1,0,0,0,0
confiscate,v,0,1,0,0,0,0
confiscation,n,0,1,0,0,0,0
conflict,v,0,1,0,0,0,0
confront,v,0,1,0,0,0,0
confrontation,n,0,1,0,0,0,0
confused,a,0,1,0,0,0,0
confusing,a,0,1,0,0,0,0
congenial,a,1,0,0,0,0,0
congested,a,0,1,0,0,0,0
congratulate,v,1,0,0,0,0,0
congratulatory,a,1,0,0,0,0,0
congregate,v,1,0,0,0,0,0
conjure,v,1,0,0,0,0,0
conquer,v,1,0,0,0,0,0
conscientious,a,1,0,0,0,0,0
conserve,v,1,0,0,0,0,0
consistency,n,1,0,0,0,0,0
consistent,a,1,0,0,0,0,0
consolidate,v,1,0,0,0,0,0
conspiracy,n,0,1,0,0,0,0
conspire,v,0,1,0,0,0,0
constrain,v,0,1,0,0,0,0
constructive,a,1,0,0,0,0,0
consumptive,a,0,1,0,0,0,0
contagious,a,0,1,0,0,0,0
contaminate,v,0,1,0,0,0,0
contamination,n,0,1,0,0,0,0
contemptible,a,0,1,0,0,0,0
contradict,v,0,1,0,0,0,0
contribute,v,1,0,0,0,0,0
convene,v,1,0,0,0,0,0
convict,v,0,1,0,0,0,0
conviction,n,1,0,0,0,0,0
convince,v,1,0,0,0,0,0
cooperate,v,1,0,0,0,0,0
cooperation,n,1,0,0,0,0,0
cooperative,a,1,0,0,0,0,0
cooperatively,r,1,0,0,0,0,0
coordinate,v,1,0,0,0,0,0
coordination,n,1,0,0,0,0,0
cordial,a,1,0,0,0,0,0
correct,v,1,0,0,0,0,0
correctly,r,1,0,0,0,0,0
corrode,v,0,1,0,0,0,0
corrupt,a,0,1,0,0,0,0
corruption,n,0,1,0,0,0,0
counsel,v,1,0,0,0,0,0
counteract,v,0,1,0,0,0,0
counterfeit,a,0,1,0,0,0,0
courage,n,1,0,0,0,0,0
courageous,a,1,0,0,0,0,0
courteous,a,1,0,0,0,0,0
courtesy,n,1,0,0,0,0,0
courtly,a,1,0,0,0,0,0
covert,a,0,1,0,0,0,0
crafty,a,0,1,0,0,0,0
cram,v,0,1,0,0,0,0
cramp,v,0,1,0,0,0,0
crass,a,0,1,0,0,0,0
craze,n,0,1,0,0,0,0
craziness,n,0,1,0,0,0,0
crazy,a,0,0,0,1,0,0
creative,a,1,0,0,0,0,0
creativity,n,1,0,0,0,0,0
credentials,n,1,0,0,0,0,0
credibility,n,1,0,0,0,0,0
credible,a,1,0,0,0,0,0
credulous,a,0,1,0,0,0,0
crime,n,0,1,0,0,0,0
criminal,n,0,1,0,0,0,0
crisis,n,0,1,0,0,0,0
critic,n,0,1,0,0,0,0
criticize,v,0,1,0,0,0,0
croak,v,0,1,0,0,0,0
crook,n,0,1,0,0,0,0
crooked,a,0,1,0,0,0,0
crossly,r,0,1,0,0,0,0
crude,a,0,1,0,0,0,0
cruelty,n,0,1,0,0,0,0
crumble,v,0,1,0,0,0,0
crumple,v,0,1,0,0,0,0
crushing,a,0,1,0,0,0,0
culminate,v,1,0,0,0,0,0
culprit,n,0,1,0,0,0,0
cultivate,v,1,0,0,0,0,0
cultured,a,1,0,0,0,0,0
cumbersome,a,0,1,0,0,0,0
cure,v,1,0,0,0,0,0
curse,n,0,1,0,0,0,0
curse,v,0,1,0,0,0,0
cursory,a,0,1,0,0,0,0
curtail,v,0,1,0,0,0,0
cute,a,1,0,0,0,0,0
cutting,a,0,0,0,0,0,0
cynical,a,0,1,0,0,0,0
damage,n,0,1,0,0,0,0
damage,v,0,1,0,0,0,0
damnable,a,0,1,0,0,0,0
damned,a,0,1,0,0,0,0
daring,a,1,0,0,0,0,0
darken,v,0,1,0,0,0,0
darkness,n,0,1,0,0,0,0
darling,n,1,0,0,0,0,0
daunting,a,0,1,0,0,0,0
dauntless,a,1,0,0,0,0,0
dawdle,v,0,1,0,0,0,0
dazzle,v,1,0,0,0,0,0
deadlock,n,0,1,0,0,0,0
deadweight,n,0,1,0,0,0,0
deafness,n,0,1,0,0,0,0
dear,n,1,0,0,0,0,0
dearly,r,1,0,0,0,0,0
dearth,n,0,1,0,0,0,0
debatable,a,0,1,0,0,0,0
decadence,n,0,1,0,0,0,0
decadent,a,0,1,0,0,0,0
decease,v,0,1,0,0,0,0
deceit,n,0,1,0,0,0,0
deceitful,a,0,1,0,0,0,0
deceive,a,0,1,0,0,0,0
deceive,v,0,1,0,0,0,0
decency,n,1,0,0,0,0,0
decent,a,1,0,0,0,0,0
deception,n,0,1,0,0,0,0
deceptive,a,0,1,0,0,0,0
decipher,v,1,0,0,0,0,0
decisive,a,0,0,0,0,0,0
decisiveness,n,0,0,0,0,0,0
decline,v,0,1,0,0,0,0
decompose,v,0,1,0,0,0,0
decorate,v,1,0,0,0,0,0
decorative,a,1,0,0,0,0,0
dedicate,v,1,0,0,0,0,0
dedication,n,1,0,0,0,0,0
deduce,v,1,0,0,0,0,0
defame,v,0,1,0,0,0,0
default,v,0,1,0,0,0,0
defect,n,0,1,0,0,0,0
defective,a,0,1,0,0,0,0
defend,v,1,0,0,0,0,0
defensive,a,0,1,0,0,0,0
defiance,n,0,1,0,0,0,0
defiant,a,0,1,0,0,0,0
deficiency,n,0,1,0,0,0,0
deficient,a,0,1,0,0,0,0
deficit,n,0,1,0,0,0,0
defile,v,0,1,0,0,0,0
definitive,a,1,0,0,0,0,0
defy,v,0,1,0,0,0,0
delay,v,0,1,0,0,0,0
delicacy,n,1,0,0,0,0,0
delinquency,n,0,1,0,0,0,0
delinquent,a,0,1,0,0,0,0
delirium,n,0,1,0,0,0,0
delusion,n,0,1,0,0,0,0
demolish,v,0,1,0,0,0,0
demon,n,0,1,0,0,0,0
denial,n,0,1,0,0,0,0
denounce,v,0,1,0,0,0,0
deny,v,0,1,0,0,0,0
dependable,a,1,0,0,0,0,0
dependent,a,0,1,0,0,0,0
deplete,v,0,1,0,0,0,0
deplore,v,0,1,0,0,0,0
depose,v,0,1,0,0,0,0
depraved,a,0,1,0,0,0,0
depreciate,v,0,1,0,0,0,0
deprive,v,0,1,0,0,0,0
derisive,a,0,1,0,0,0,0
derogatory,a,0,1,0,0,0,0
descry,v,1,0,0,0,0,0
deserve,v,1,0,0,0,0,0
desirable,a,1,0,0,0,0,0
despicable,a,0,1,0,0,0,0
destroy,v,0,1,0,0,0,0
destruction,n,0,1,0,0,0,0
destructive,a,0,1,0,0,0,0
detain,v,0,1,0,0,0,0
deter,v,0,1,0,0,0,0
determined,a,0,0,0,0,0,0
determinedly,r,0,0,0,0,0,0
deterrent,n,0,1,0,0,0,0
detract,v,0,1,0,0,0,0
detrimental,a,0,1,0,0,0,0
devastation,n,0,1,0,0,0,0
deviate,v,0,1,0,0,0,0
devil,n,0,1,0,0,0,0
devilish,a,0,1,0,0,0,0
devious,a,0,1,0,0,0,0
devote,v,1,0,0,0,0,0
diabolic,a,0,1,0,0,0,0
diabolical,a,0,1,0,0,0,0
dictate,v,0,1,0,0,0,0
dictatorial,a,0,1,0,0,0,0
differ,v,0,1,0,0,0,0
difficulty,n,0,1,0,0,0,0
dignified,a,1,0,0,0,0,0
dilemma,n,0,1,0,0,0,0
diligent,a,1,0,0,0,0,0
disable,v,0,1,0,0,0,0
disadvantage,n,0,1,0,0,0,0
disadvantageous,a,0,1,0,0,0,0
disappointing,a,0,1,0,0,0,0
disappointingly,r,0,1,0,0,0,0
disapproval,n,0,1,0,0,0,0
disarm,v,0,1,0,0,0,0
disaster,n,0,1,0,0,0,0
disastrous,a,0,1,0,0,0,0
disavow,v,0,1,0,0,0,0
disavowal,n,0,1,0,0,0,0
discern,v,1,0,0,0,0,0
discharge,v,0,1,0,0,0,0
disclaim,v,0,1,0,0,0,0
discordant,a,0,1,0,0,0,0
discouragement,n,0,1,0,0,0,0
discredit,v,0,1,0,0,0,0
discrepant,a,0,1,0,0,0,0
discretion,n,1,0,0,0,0,0
discriminate,v,0,1,0,0,0,0
disdain,n,0,1,0,0,0,0
disease,n,0,1,0,0,0,0
diseased,a,0,1,0,0,0,0
disgrace,n,0,1,0,0,0,0
dishonest,a,0,1,0,0,0,0
disingenuous,a,0,1,0,0,0,0
disinterest,n,0,1,0,0,0,0
dismal,a,0,1,0,0,0,0
disobedience,n,0,1,0,0,0,0
disobedient,a,0,1,0,0,0,0
disorder,n,0,1,0,0,0,0
disorganized,a,0,1,0,0,0,0
dispel,v,0,1,0,0,0,0
dispense,v,0,1,0,0,0,0
displace,v,0,1,0,0,0,0
dispose,v,0,1,0,0,0,0
disproportionate,a,0,1,0,0,0,0
disprove,v,0,1,0,0,0,0
disputable,a,0,1,0,0,0,0
dispute,n,0,1,0,0,0,0
dispute,v,0,1,0,0,0,0
disrupt,v,0,1,0,0,0,0
disruption,n,0,1,0,0,0,0
dissent,n,0,1,0,0,0,0
dissention,n,0,1,0,0,0,0
distinguish,v,1,0,0,0,0,0
distinguished,a,1,0,0,0,0,0
distort,v,0,1,0,0,0,0
distracting,a,0,1,0,0,0,0
distraction,n,0,1,0,0,0,0
disturbing,a,0,1,0,0,0,0
divert,v,0,1,0,0,0,0
divine,v,1,0,0,0,0,0
divinity,n,1,0,0,0,0,0
divorce,n,0,1,0,0,0,0
divorce,v,0,1,0,0,0,0
divorced,a,0,1,0,0,0,0
dominate,v,0,1,0,0,0,0
domination,n,0,1,0,0,0,0
doom,n,0,1,0,0,0,0
doom,v,0,1,0,0,0,0
dope,n,0,1,0,0,0,0
dote,v,1,0,0,0,0,0
doubtful,a,0,1,0,0,0,0
drag,v,0,1,0,0,0,0
dreary,a,0,1,0,0,0,0
drowsy,a,0,1,0,0,0,0
drunkard,n,0,1,0,0,0,0
drunken,a,0,1,0,0,0,0
dubious,a,0,1,0,0,0,0
dump,v,0,1,0,0,0,0
dunce,n,0,1,0,0,0,0
dwindle,v,0,1,0,0,0,0
dying,a,0,1,0,0,0,0
dynamic,a,1,0,0,0,0,0
earnest,a,1,0,0,0,0,0
earnestness,n,1,0,0,0,0,0
ease,v,1,0,0,0,0,0
easily,r,1,0,0,0,0,0
eccentric,a,0,1,0,0,0,0
eccentricity,n,0,1,0,0,0,0
economize,v,1,0,0,0,0,0
edible,a,1,0,0,0,0,0
educated,a,1,0,0,0,0,0
effective,a,1,0,0,0,0,0
effectiveness,n,1,0,0,0,0,0
efficacy,n,1,0,0,0,0,0
efficiency,n,1,0,0,0,0,0
efficient,a,1,0,0,0,0,0
elegance,n,1,0,0,0,0,0
elegant,a,1,0,0,0,0,0
eliminate,v,0,1,0,0,0,0
eloquent,a,1,0,0,0,0,0
embellish,v,1,0,0,0,0,0
embrace,v,1,0,0,0,0,0
emergency,n,0,1,0,0,0,0
eminent,a,1,0,0,0,0,0
emotionless,a,0,0,0,0,0,0
emotionlessness,n,0,0,0,0,0,0
empower,v,1,0,0,0,0,0
encourage,v,1,0,0,0,0,0
encouragement,n,1,0,0,0,0,0
encouraging,a,1,0,0,0,0,0
encroach,v,0,1,0,0,0,0
endorse,v,1,0,0,0,0,0
enemy,n,0,1,0,0,0,0
energetically,r,1,0,0,0,0,0
energize,v,1,0,0,0,0,0
enforce,v,0,1,0,0,0,0
engulf,v,0,1,0,0,0,0
enhance,v,1,0,0,0,0,0
enjoyable,a,1,0,0,0,0,0
enlighten,v,1,0,0,0,0,0
enrich,v,1,0,0,0,0,0
enslave,v,0,1,0,0,0,0
entangle,v,0,1,0,0,0,0
entanglement,n,0,1,0,0,0,0
entertain,v,1,0,0,0,0,0
entreat,v,0,1,0,0,0,0
entrepreneurial,a,1,0,0,0,0,0
entrust,v,1,0,0,0,0,0
epidemic,n,0,1,0,0,0,0
epithet,n,0,1,0,0,0,0
equality,n,1,0,0,0,0,0
equitable,a,1,0,0,0,0,0
equivocal,a,0,1,0,0,0,0
eradicate,v,0,1,0,0,0,0
err,v,0,1,0,0,0,0
erroneous,a,0,1,0,0,0,0
error,n,0,1,0,0,0,0
esoteric,a,0,1,0,0,0,0
essential,a,1,0,0,0,0,0
essential,n,1,0,0,0,0,0
establish,v,1,0,0,0,0,0
established,a,1,0,0,0,0,0
ethical,a,1,0,0,0,0,0
evenly,r,1,0,0,0,0,0
everlasting,a,1,0,0,0,0,0
evict,v,0,1,0,0,0,0
evil,n,0,1,0,0,0,0
exactly,r,1,0,0,0,0,0
exaggeration,n,0,1,0,0,0,0
excel,v,1,0,0,0,0,0
excellence,n,1,0,0,0,0,0
excellent,a,1,0,0,0,0,0
exception,n,0,1,0,0,0,0
exceptional,a,0,0,1,0,0,0
unique,a,0,0,1,0,0,0
excessive,a,0,1,0,0,0,0
exclusion,n,0,1,0,0,0,0
excommunication,n,0,1,0,0,0,0
execute,v,0,1,0,0,0,0
exempt,a,0,1,0,0,0,0
exhaust,v,0,1,0,0,0,0
exhaustion,a,0,1,0,0,0,0
exile,v,0,1,0,0,0,0
exotic,a,1,0,0,0,0,0
expel,v,0,1,0,0,0,0
expensive,a,0,1,0,0,0,0
experienced,a,1,0,0,0,0,0
explode,v,0,1,0,0,0,0
exploit,v,0,1,0,0,0,0
exquisite,a,1,0,0,0,0,0
exterminate,v,0,1,0,0,0,0
extinct,a,0,1,0,0,0,0
extinguish,v,0,1,0,0,0,0
extol,v,1,0,0,0,0,0
extraordinary,a,1,0,0,0,0,0
extravagance,n,1,0,0,0,0,0
extravagant,a,0,1,0,0,0,0
fabricate,v,0,1,0,0,0,0
fabrication,n,0,1,0,0,0,0
fabulous,a,1,0,0,0,0,0
facilitate,v,1,0,0,0,0,0
factual,a,1,0,0,0,0,0
fail,n,0,1,0,0,0,0
fail,v,0,1,0,0,0,0
failure,n,0,1,0,0,0,0
fairness,n,1,0,0,0,0,0
faith,n,1,0,0,0,0,0
faithful,a,1,0,0,0,0,0
faithfulness,n,1,0,0,0,0,0
fake,a,0,1,0,0,0,0
fallacy,n,0,1,0,0,0,0
fallout,n,0,1,0,0,0,0
falsehood,n,0,1,0,0,0,0
falter,v,0,1,0,0,0,0
familiarize,v,1,0,0,0,0,0
famine,n,0,1,0,0,0,0
famished,a,0,1,0,0,0,0
famous,a,1,0,0,0,0,0
fan,n,1,0,0,0,0,0
fanatic,n,0,1,0,0,0,0
fanatical,a,0,1,0,0,0,0
fantastic,a,1,0,0,0,0,0
farsighted,a,1,0,0,0,0,0
fascist,a,0,1,0,0,0,0
fashionable,a,1,0,0,0,0,0
fatal,a,0,1,0,0,0,0
fatalistic,a,0,1,0,0,0,0
fault,n,0,1,0,0,0,0
favor,n,1,0,0,0,0,0
favor,v,1,0,0,0,0,0
favored,a,1,0,0,0,0,0
fearless,a,1,0,0,0,0,0
feasible,a,1,0,0,0,0,0
feign,v,0,1,0,0,0,0
feint,v,0,1,0,0,0,0
fellowship,n,1,0,0,0,0,0
fertile,a,1,0,0,0,0,0
festive,a,1,0,0,0,0,0
feud,n,0,1,0,0,0,0
feudal,a,0,1,0,0,0,0
fever,n,0,1,0,0,0,0
fickle,a,0,1,0,0,0,0
fidget,v,0,1,0,0,0,0
fiend,n,0,1,0,0,0,0
fighter,n,0,1,0,0,0,0
fighting,n,0,1,0,0,0,0
filial,a,1,0,0,0,0,0
filth,n,0,1,0,0,0,0
filthy,a,0,1,0,0,0,0
finely,r,1,0,0,0,0,0
firmness,n,1,0,0,0,0,0
fist,n,0,1,0,0,0,0
fitting,n,1,0,0,0,0,0
flagrant,a,0,1,0,0,0,0
flair,n,1,0,0,0,0,0
flashy,a,1,0,0,0,0,0
flatter,v,1,0,0,0,0,0
flaunt,v,1,0,0,0,0,0
flawless,a,1,0,0,0,0,0
flee,v,0,1,0,0,0,0
fleeting,a,0,1,0,0,0,0
flexible,a,1,0,0,0,0,0
flimsy,a,0,1,0,0,0,0
flounder,v,0,1,0,0,0,0
fluent,a,1,0,0,0,0,0
foe,n,0,1,0,0,0,0
foolishness,n,0,1,0,0,0,0
forced,a,0,1,0,0,0,0
foreboding,a,0,1,0,0,0,0
foresight,n,1,0,0,0,0,0
forfeit,v,0,1,0,0,0,0
forgetfulness,n,0,1,0,0,0,0
forgive,v,1,0,0,0,0,0
forgiveness,n,1,0,0,0,0,0
formidable,a,0,1,0,0,0,0
fortify,v,1,0,0,0,0,0
fortitude,n,1,0,0,0,0,0
foster,v,1,0,0,0,0,0
founder,v,0,1,0,0,0,0
fragile,a,0,1,0,0,0,0
fragrant,a,1,0,0,0,0,0
frantically,a,0,1,0,0,0,0
fraudulent,a,0,1,0,0,0,0
fraught,a,0,1,0,0,0,0
freak,n,0,1,0,0,0,0
free,v,1,0,0,0,0,0
freely,r,1,0,0,0,0,0
fretful,a,0,1,0,0,0,0
friendship,n,1,0,0,0,0,0
frigid,a,0,1,0,0,0,0
frivolous,a,0,1,0,0,0,0
frolic,v,1,0,0,0,0,0
frown,n,0,1,0,0,0,0
frown,v,0,1,0,0,0,0
frugal,a,1,0,0,0,0,0
fruitful,a,1,0,0,0,0,0
fruitless,a,0,1,0,0,0,0
fumble,v,0,1,0,0,0,0
futility,n,0,1,0,0,0,0
gallant,a,1,0,0,0,0,0
gallantry,n,1,0,0,0,0,0
garnish,v,1,0,0,0,0,0
ghastly,a,0,1,0,0,0,0
gifted,a,1,0,0,0,0,0
glamorous,a,1,0,0,0,0,0
glamour,n,1,0,0,0,0,0
gleam,n,1,0,0,0,0,0
gleam,v,1,0,0,0,0,0
glean,v,1,0,0,0,0,0
glorify,v,1,0,0,0,0,0
glorious,a,1,0,0,0,0,0
glory,n,1,0,0,0,0,0
glossy,a,1,0,0,0,0,0
godlike,a,1,0,0,0,0,0
godliness,n,1,0,0,0,0,0
good,a,1,0,0,0,0,0
better,a,1,0,0,0,0,0
good-for-naught,a,0,1,0,0,0,0
good-for-nothing,a,0,1,0,0,0,0
good-natured,a,1,0,0,0,0,0
good-naturedness,n,1,0,0,0,0,0
goodness,n,1,0,0,0,0,0
gorgeous,a,1,0,0,0,0,0
grace,n,1,0,0,0,0,0
graceful,a,1,0,0,0,0,0
gracious,a,1,0,0,0,0,0
grapple,v,0,1,0,0,0,0
gratuitous,a,0,1,0,0,0,0
gravely,r,0,1,0,0,0,0
graver,a,0,1,0,0,0,0
gravest,a,0,1,0,0,0,0
great,a,1,0,0,0,0,0
greatness,n,1,0,0,0,0,0
greet,v,1,0,0,0,0,0
growl,v,0,1,0,0,0,0
gruff,a,0,1,0,0,0,0
grumble,v,0,1,0,0,0,0
guarantee,v,1,0,0,0,0,0
guerrilla,n,0,1,0,0,0,0
gullible,a,0,1,0,0,0,0
hack,n,0,1,0,0,0,0
hackney,a,0,1,0,0,0,0
haemorrhage,n,0,1,0,0,0,0
haemorrhagic,a,0,1,0,0,0,0
haggard,a,0,1,0,0,0,0
hallowed,a,1,0,0,0,0,0
hamper,v,0,1,0,0,0,0
handicap,n,0,1,0,0,0,0
hangover,n,0,1,0,0,0,0
harass,v,0,1,0,0,0,0
hardship,n,0,1,0,0,0,0
harm,n,0,1,0,0,0,0
harm,v,0,1,0,0,0,0
harmful,a,0,1,0,0,0,0
harmless,a,1,0,0,0,0,0
hassle,n,0,1,0,0,0,0
hater,n,0,1,0,0,0,0
haughty,a,0,1,0,0,0,0
haunt,v,0,1,0,0,0,0
havoc,n,0,1,0,0,0,0
hazard,n,0,1,0,0,0,0
hazard,v,0,1,0,0,0,0
hazy,a,0,1,0,0,0,0
headache,n,0,1,0,0,0,0
heal,v,1,0,0,0,0,0
healthful,a,1,0,0,0,0,0
healthier,a,1,0,0,0,0,0
healthily,r,1,0,0,0,0,0
heartless,a,0,1,0,0,0,0
hectic,a,0,1,0,0,0,0
hedge,v,0,1,0,0,0,0
hedonistic,a,0,1,0,0,0,0
heedless,a,0,1,0,0,0,0
heinous,a,0,1,0,0,0,0
helpful,a,1,0,0,0,0,0
helplessness,n,0,1,0,0,0,0
hemorrhage,n,0,1,0,0,0,0
hemorrhage,v,0,1,0,0,0,0
hemorrhagic,a,0,1,0,0,0,0
heroic,a,1,0,0,0,0,0
heroism,n,1,0,0,0,0,0
hideous,a,0,1,0,0,0,0
high-risk,a,0,1,0,0,0,0
highlight,v,1,0,0,0,0,0
hinder,v,0,1,0,0,0,0
hindrance,n,0,1,0,0,0,0
hoard,v,0,1,0,0,0,0
hobble,v,0,1,0,0,0,0
holy,a,1,0,0,0,0,0
homely,a,0,1,0,0,0,0
honestly,r,1,0,0,0,0,0
honor,v,1,0,0,0,0,0
honorable,a,1,0,0,0,0,0
honored,a,1,0,0,0,0,0
horrible,a,0,1,0,0,0,0
horrid,a,0,1,0,0,0,0
hospitable,a,1,0,0,0,0,0
humanitarian,a,1,0,0,0,0,0
humility,n,1,0,0,0,0,0
hungry,a,0,0,1,0,0,0
hustle,v,0,1,0,0,0,0
hustler,n,0,1,0,0,0,0
hypochondria,n,0,0,1,0,0,0
hypochondriac,a,0,0,1,0,0,0
hypochondriacal,a,0,0,1,0,0,0
hypochondriasis,n,0,0,1,0,0,0
hypocrisy,n,0,1,0,0,0,0
hypocrite,n,0,1,0,0,0,0
ideal,a,1,0,0,0,0,0
ideally,r,1,0,0,0,0,0
idiot,n,0,1,0,0,0,0
idiotic,a,0,1,0,0,0,0
idleness,n,0,1,0,0,0,0
ignoble,a,0,1,0,0,0,0
ignorance,n,0,1,0,0,0,0
ignorant,a,0,1,0,0,0,0
illegal,a,0,1,0,0,0,0
illegality,n,0,1,0,0,0,0
illiterate,a,0,1,0,0,0,0
illness,n,0,1,0,0,0,0
illogical,a,0,1,0,0,0,0
illuminate,v,1,0,0,0,0,0
illustrious,a,1,0,0,0,0,0
imaginative,a,1,0,0,0,0,0
immaculate,a,1,0,0,0,0,0
immaterial,a,0,1,0,0,0,0
immature,a,0,1,0,0,0,0
immoral,a,0,1,0,0,0,0
immorality,n,0,1,0,0,0,0
immortal,a,1,0,0,0,0,0
immovable,a,0,1,0,0,0,0
impair,v,0,1,0,0,0,0
impartial,a,1,0,0,0,0,0
impeachability,n,0,0,1,0,0,0
impede,v,0,1,0,0,0,0
impediment,n,0,1,0,0,0,0
imperative,a,1,0,0,0,0,0
imperfect,a,0,1,0,0,0,0
impersonal,a,0,1,0,0,0,0
impervious,a,1,0,0,0,0,0
impetuous,a,0,1,0,0,0,0
implicate,v,0,1,0,0,0,0
implore,v,0,1,0,0,0,0
important,a,1,0,0,0,0,0
impose,v,0,1,0,0,0,0
imprecision,a,0,1,0,0,0,0
impress,v,1,0,0,0,0,0
impressive,a,1,0,0,0,0,0
imprison,v,0,1,0,0,0,0
improper,a,0,1,0,0,0,0
improve,v,1,0,0,0,0,0
improved,a,1,0,0,0,0,0
improvement,n,1,0,0,0,0,0
impure,a,0,1,0,0,0,0
impurity,n,0,1,0,0,0,0
inability,n,0,1,0,0,0,0
inaccessible,a,0,1,0,0,0,0
inaccuracy,n,0,1,0,0,0,0
inadequate,a,0,1,0,0,0,0
inane,a,0,1,0,0,0,0
inaugurate,v,1,0,0,0,0,0
incapable,a,0,1,0,0,0,0
incommode,v,0,1,0,0,0,0
incommodious,a,0,1,0,0,0,0
incommodiousness,n,0,1,0,0,0,0
incompatibility,n,0,1,0,0,0,0
incompatible,a,0,1,0,0,0,0
incompetence,n,0,1,0,0,0,0
incompetent,a,0,1,0,0,0,0
inconvenience,n,0,1,0,0,0,0
inconvenience,v,0,1,0,0,0,0
inconvenient,a,0,1,0,0,0,0
incurable,a,0,1,0,0,0,0
indecent,a,0,1,0,0,0,0
indecision,n,0,1,0,0,0,0
indecisive,a,0,1,0,0,0,0
indecisiveness,n,0,1,0,0,0,0
indelicacy,n,0,1,0,0,0,0
independence,n,1,0,0,0,0,0
independency,n,1,0,0,0,0,0
independent,a,1,0,0,0,0,0
indescribable,a,1,0,0,0,0,0
indeterminable,a,0,1,0,0,0,0
indeterminate,a,0,1,0,0,0,0
indicative,a,1,0,0,0,0,0
indictability,n,0,0,1,0,0,0
indictable,a,0,0,1,0,0,0
indictment,n,0,1,0,0,0,0
indispensability,n,1,0,0,0,0,0
indomitable,a,1,0,0,0,0,0
indulge,v,0,1,0,0,0,0
industrious,a,1,0,0,0,0,0
ineffective,a,0,1,0,0,0,0
ineffectual,a,0,1,0,0,0,0
inequality,n,0,1,0,0,0,0
inexact,a,0,1,0,0,0,0
inexpensive,a,1,0,0,0,0,0
infallibility,n,1,0,0,0,0,0
infallible,a,1,0,0,0,0,0
infamous,a,0,1,0,0,0,0
infect,v,0,1,0,0,0,0
infection,n,0,1,0,0,0,0
infest,v,0,1,0,0,0,0
infiltration,n,0,1,0,0,0,0
informal,a,0,0,1,0,0,0
infringement,n,0,1,0,0,0,0
ingenious,a,1,0,0,0,0,0
ingratitude,n,0,1,0,0,0,0
inhibit,v,0,1,0,0,0,0
inhibition,n,0,1,0,0,0,0
inhumane,a,0,1,0,0,0,0
injunction,n,0,1,0,0,0,0
injure,v,0,1,0,0,0,0
injurious,a,0,1,0,0,0,0
injury,n,0,1,0,0,0,0
innocence,n,1,0,0,0,0,0
innocent,a,1,0,0,0,0,0
innovate,v,1,0,0,0,0,0
innovative,n,1,0,0,0,0,0
inquisitive,a,0,0,1,0,0,0
inquisitiveness,n,0,0,1,0,0,0
insane,a,0,1,0,0,0,0
insensible,a,0,1,0,0,0,0
inseparable,a,1,0,0,0,0,0
insidious,a,0,1,0,0,0,0
insignificant,a,0,1,0,0,0,0
insinuate,v,0,1,0,0,0,0
insistent,a,1,0,0,0,0,0
inspirational,a,1,0,0,0,0,0
instability,n,0,1,0,0,0,0
instable,a,0,1,0,0,0,0
instinctive,a,1,0,0,0,0,0
insufficient,a,0,1,0,0,0,0
integrity,n,1,0,0,0,0,0
intellect,n,1,0,0,0,0,0
intellectual,a,1,0,0,0,0,0
intellectually,r,1,0,0,0,0,0
intelligence,n,1,0,0,0,0,0
intelligent,a,1,0,0,0,0,0
intercede,v,1,0,0,0,0,0
interesting,a,1,0,0,0,0,0
interfere,v,0,1,0,0,0,0
interference,n,0,1,0,0,0,0
interpose,v,1,0,0,0,0,0
interrupt,v,0,1,0,0,0,0
interruption,n,0,1,0,0,0,0
intervention,n,0,1,0,0,0,0
intoxicate,v,0,1,0,0,0,0
intoxication,n,0,1,0,0,0,0
intricate,a,1,0,0,0,0,0
intrude,v,0,1,0,0,0,0
intrusion,n,0,1,0,0,0,0
inundate,v,0,1,0,0,0,0
inundated,a,0,1,0,0,0,0
invade,v,0,1,0,0,0,0
invalid,a,0,1,0,0,0,0
invaluable,a,1,0,0,0,0,0
invincible,a,1,0,0,0,0,0
invisible,a,0,1,0,0,0,0
involuntary,a,0,1,0,0,0,0
invulnerable,a,1,0,0,0,0,0
ironic,a,0,1,0,0,0,0
irony,n,0,1,0,0,0,0
irrational,a,0,1,0,0,0,0
irregularity,n,0,1,0,0,0,0
irresistible,a,1,0,0,0,0,0
irresponsible,a,0,1,0,0,0,0
isolate,v,0,1,0,0,0,0
isolation,n,0,1,0,0,0,0
itch,n,0,0,1,0,0,0
itch,v,0,0,1,0,0,0
jail,v,0,1,0,0,0,0
jeer,v,0,1,0,0,0,0
jerk,v,0,1,0,0,0,0
jobless,a,0,1,0,0,0,0
junk,n,0,1,0,0,0,0
justification,n,1,0,0,0,0,0
justly,r,1,0,0,0,0,0
keen,a,0,0,1,0,0,0
keenness,n,0,0,1,0,0,0
kick,n,0,1,0,0,0,0
kidnap,v,0,1,0,0,0,0
kill,n,0,1,0,0,0,0
kill,v,0,1,0,0,0,0
killer,n,0,0,0,1,0,0
kindly,r,1,0,0,0,0,0
kitschy,a,0,0,1,0,0,0
knife,v,0,1,0,0,0,0
knifelike,a,0,0,1,0,0,0
knock,n,0,1,0,0,0,0
lack,n,0,1,0,0,0,0
lack,v,0,1,0,0,0,0
lacking,a,0,1,0,0,0,0
lag,v,0,1,0,0,0,0
lame,a,0,1,0,0,0,0
landslide,n,0,0,1,0,0,0
laudable,a,1,0,0,0,0,0
lavish,a,1,0,0,0,0,0
lawful,a,1,0,0,0,0,0
lawless,a,0,1,0,0,0,0
learned,a,1,0,0,0,0,0
legitimacy,n,1,0,0,0,0,0
liable,a,0,1,0,0,0,0
liar,n,0,1,0,0,0,0
liberally,r,1,0,0,0,0,0
lie,n,0,1,0,0,0,0
lifeless,a,0,1,0,0,0,0
lifelong,a,1,0,0,0,0,0
light-headed,a,0,1,0,0,0,0
light-hearted,a,1,0,0,0,0,0
light-sensitive,a,0,0,1,0,0,0
lightheaded,a,0,1,0,0,0,0
lighthearted,a,1,0,0,0,0,0
lightsome,a,1,0,0,0,0,0
lightsomeness,n,1,0,0,0,0,0
likable,a,1,0,0,0,0,0
limit,v,0,0,0,0,1,0
limitation,n,0,1,0,0,0,0
limiting,a,0,1,0,0,0,0
limp,a,0,1,0,0,0,0
liquidate,v,0,1,0,0,0,0
liquidation,n,0,1,0,0,0,0
litter,n,0,1,0,0,0,0
lively,a,1,0,0,0,0,0
logomania,n,0,0,1,0,0,0
logorrhea,n,0,0,1,0,0,0
lone,a,0,0,1,0,0,0
loom,v,0,1,0,0,0,0
loss,n,0,1,0,0,0,0
loveless,a,0,1,0,0,0,0
loveliness,n,1,0,0,0,0,0
lovely,a,1,0,0,0,0,0
lowly,a,0,1,0,0,0,0
lowness,n,0,1,0,0,0,0
loyal,a,1,0,0,0,0,0
loyalty,n,1,0,0,0,0,0
lucid,a,1,0,0,0,0,0
luck,n,1,0,0,0,0,0
luckily,a,1,0,0,0,0,0
lucrative,a,1,0,0,0,0,0
luminous,a,1,0,0,0,0,0
lunatic,n,0,1,0,0,0,0
lure,v,0,1,0,0,0,0
lurk,v,0,1,0,0,0,0
luster,n,1,0,0,0,0,0
lustrous,a,1,0,0,0,0,0
luxuriant,a,1,0,0,0,0,0
luxurious,a,1,0,0,0,0,0
luxury,n,1,0,0,0,0,0
lying,n,0,1,0,0,0,0
madman,n,0,1,0,0,0,0
magical,a,1,0,0,0,0,0
magnetism,n,1,0,0,0,0,0
magnificence,n,1,0,0,0,0,0
magnificent,a,1,0,0,0,0,0
majestic,a,1,0,0,0,0,0
majesty,n,1,0,0,0,0,0
maladjusted,a,0,1,0,0,0,0
maladjustment,n,0,1,0,0,0,0
malignant,a,0,1,0,0,0,0
manageable,a,1,0,0,0,0,0
mangle,v,0,1,0,0,0,0
mania,n,0,0,1,0,0,0
manic,a,0,1,0,0,0,0
manichaean,a,0,0,1,0,0,0
manichaeanism,n,0,0,1,0,0,0
manichaeism,n,0,0,1,0,0,0
manichean,a,0,0,1,0,0,0
manichee,a,0,0,1,0,0,0
manipulate,v,0,1,0,0,0,0
manly,a,1,0,0,0,0,0
manslaughter,n,0,1,0,0,0,0
mar,n,0,1,0,0,0,0
mar,v,0,1,0,0,0,0
marvelous,a,1,0,0,0,0,0
massacre,v,0,1,0,0,0,0
masterful,a,1,0,0,0,0,0
matchless,a,1,0,0,0,0,0
matter,v,1,0,0,0,0,0
mature,v,1,0,0,0,0,0
maximize,v,0,0,0.5,0,0,0
meager,a,0,1,0,0,0,0
meaningful,a,1,0,0,0,0,0
meaningless,a,0,1,0,0,0,0
measurable,a,1,0,0,0,0,0
meddle,v,0,1,0,0,0,0
mediate,v,1,0,0,0,0,0
mediocre,a,0,1,0,0,0,0
meek,a,0,1,0,0,0,0
mellow,a,1,0,0,0,0,0
meltdown,n,0,0,1,0,0,0
memorable,a,1,0,0,0,0,0
menace,n,0,1,0,0,0,0
mend,v,1,0,0,0,0,0
menial,a,0,1,0,0,0,0
merciless,a,0,1,0,0,0,0
merit,n,1,0,0,0,0,0
merit,v,1,0,0,0,0,0
meritorious,a,1,0,0,0,0,0
mesh,v,1,0,0,0,0,0
mess,n,0,1,0,0,0,0
meticulous,a,1,0,0,0,0,0
mindful,a,1,0,0,0,0,0
minister,v,1,0,0,0,0,0
miracle,n,1,0,0,0,0,0
miraculous,a,1,0,0,0,0,0
misbehave,v,0,1,0,0,0,0
misbehavior,n,0,1,0,0,0,0
mischievous,a,0,1,0,0,0,0
misfortune,n,0,1,0,0,0,0
mishandle,v,0,1,0,0,0,0
misinform,v,0,1,0,0,0,0
misinformed,a,0,1,0,0,0,0
mislead,v,0,1,0,0,0,0
misrepresent,v,0,1,0,0,0,0
mistake,n,0,1,0,0,0,0
mistake,v,0,1,0,0,0,0
mistaken,v,0,1,0,0,0,0
misunderstand,v,0,1,0,0,0,0
misunderstood,v,0,1,0,0,0,0
misuse,n,0,1,0,0,0,0
moan,v,0,0,1,0,0,0
mobilize,v,1,0,0,0,0,0
mock,v,0,1,0,0,0,0
moderate,v,0,0,1,0,0,0
modest,a,1,0,0,0,0,0
modesty,n,1,0,0,0,0,0
molest,v,0,1,0,0,0,0
momentous,a,1,0,0,0,0,0
moneyed,a,1,0,0,0,0,0
monotonous,a,0,1,0,0,0,0
monotony,n,0,1,0,0,0,0
monster,n,0,1,0,0,0,0
monstrous,a,0,1,0,0,0,0
monumental,a,1,0,0,0,0,0
moral,a,1,0,0,0,0,0
moralistic,a,1,0,0,0,0,0
motionless,a,0,1,0,0,0,0
muddle,v,0,1,0,0,0,0
muddy,a,0,1,0,0,0,0
mundane,a,0,1,0,0,0,0
murder,n,0,1,0,0,0,0
murder,v,0,1,0,0,0,0
murky,a,0,1,0,0,0,0
mushy,a,0,1,0,0,0,0
mutter,v,0,1,0,0,0,0
nag,v,0,1,0,0,0,0
naive,a,0,1,0,0,0,0
narcissistic,a,0,1,0,0,0,0
nasty,a,0,1,0,0,0,0
naturally,r,1,0,0,0,0,0
naughty,a,0,1,0,0,0,0
navigable,a,1,0,0,0,0,0
neat,a,1,0,0,0,0,0
nebulous,a,0,1,0,0,0,0
necromania,n,0,0,1,0,0,0
necrophilia,n,0,0,1,0,0,0
necrophilism,n,0,0,1,0,0,0
needle,v,0,1,0,0,0,0
needy,a,0,1,0,0,0,0
negate,v,0,1,0,0,0,0
negative,a,0,1,0,0,0,0
neglect,n,0,1,0,0,0,0
neglect,v,0,1,0,0,0,0
negligence,n,0,1,0,0,0,0
negligent,a,0,1,0,0,0,0
negotiate,v,1,0,0,0,0,0
neutralize,v,0,1,0,0,0,0
nice,a,1,0,0,0,0,0
nicely,r,1,0,0,0,0,0
nightmare,n,0,1,0,0,0,0
nimble,a,1,0,0,0,0,0
no-account,a,0,0,1,0,0,0
no-count,a,0,0,1,0,0,0
no-good,a,0,1,0,0,0,0
noise,n,0,1,0,0,0,0
noiseless,a,1,0,0,0,0,0
nonchalant,a,0,1,0,0,0,0
nonplus,v,0,1,0,0,0,0
nonsense,n,0,1,0,0,0,0
nonsocial,a,0,1,0,0,0,0
normal,a,1,0,0,0,0,0
nosey,a,0,1,0,0,0,0
notable,a,1,0,0,0,0,0
notorious,a,0,1,0,0,0,0
nourish,v,1,0,0,0,0,0
novice,a,0,1,0,0,0,0
nuisance,n,0,1,0,0,0,0
nullify,v,0,1,0,0,0,0
numb,a,0,1,0,0,0,0
nurse,v,1,0,0,0,0,0
nurture,v,1,0,0,0,0,0
nympholepsy,n,0,0,1,0,0,0
obedient,a,1,0,0,0,0,0
obey,v,1,0,0,0,0,0
object,v,0,1,0,0,0,0
objective,a,1,0,0,0,0,0
objectively,r,1,0,0,0,0,0
oblige,v,1,0,0,0,0,0
oblique,a,0,1,0,0,0,0
obliterate,v,0,1,0,0,0,0
obnoxious,a,0,1,0,0,0,0
obsolete,a,0,1,0,0,0,0
obstinacy,n,0,0,1,0,0,0
obstinance,n,0,0,1,0,0,0
obstinate,a,0,1,0,0,0,0
obstruct,v,0,1,0,0,0,0
obtain,v,1,0,0,0,0,0
obtainable,a,1,0,0,0,0,0
oddity,n,0,1,0,0,0,0
offender,n,0,1,0,0,0,0
offensive,a,0,1,0,0,0,0
offset,v,1,0,0,0,0,0
ominous,a,0,1,0,0,0,0
omission,n,0,1,0,0,0,0
omit,v,0,1,0,0,0,0
openly,r,1,0,0,0,0,0
opinionated,a,0,1,0,0,0,0
opponent,n,0,1,0,0,0,0
opportune,a,1,0,0,0,0,0
opportunity,n,1,0,0,0,0,0
oppose,v,0,1,0,0,0,0
opposition,n,0,1,0,0,0,0
optimal,a,1,0,0,0,0,0
optional,a,1,0,0,0,0,0
ordeal,n,0,1,0,0,0,0
organized,a,1,0,0,0,0,0
originality,n,1,0,0,0,0,0
oust,v,0,1,0,0,0,0
outgoing,a,1,0,0,0,0,0
outlaw,n,0,1,0,0,0,0
outrageous,a,0,1,0,0,0,0
outright,a,1,0,0,0,0,0
outrun,v,1,0,0,0,0,0
outstanding,a,1,0,0,0,0,0
outwit,v,1,0,0,0,0,0
overbearing,a,0,1,0,0,0,0
overcome,v,1,0,0,0,0,0
overflow,v,0,1,0,0,0,0
overlook,v,0,1,0,0,0,0
overpower,v,0,1,0,0,0,0
overrun,v,0,1,0,0,0,0
overthrow,v,0,1,0,0,0,0
overturn,v,0,1,0,0,0,0
overwhelming,a,0,1,0,0,0,0
overworked,a,0,1,0,0,0,0
owe,v,0,1,0,0,0,0
painful,a,0,1,0,0,0,0
painstaking,a,1,0,0,0,0,0
palatable,a,1,0,0,0,0,0
palatial,a,1,0,0,0,0,0
paltry,a,0,1,0,0,0,0
pamper,v,1,0,0,0,0,0
paralyzed,a,0,1,0,0,0,0
paramount,a,1,0,0,0,0,0
parasite,n,0,1,0,0,0,0
partition,v,0,1,0,0,0,0
passe,a,0,1,0,0,0,0
patience,n,1,0,0,0,0,0
patient,a,1,0,0,0,0,0
patiently,r,1,0,0,0,0,0
patriotic,a,1,0,0,0,0,0
patronize,v,0,1,0,0,0,0
peace,n,1,0,0,0,0,0
peaceable,a,1,0,0,0,0,0
peaceful,a,1,0,0,0,0,0
peerless,a,1,0,0,0,0,0
penetrating,a,0,0,1,0,0,0
penetrative,a,0,0,1,0,0,0
pensive,a,0,0,1,0,0,0
pensiveness,n,0,0,1,0,0,0
peradventure,n,0,0,1,0,0,0
perfect,v,1,0,0,0,0,0
perfection,n,1,0,0,0,0,0
perish,v,0,1,0,0,0,0
permit,v,1,0,0,0,0,0
persecute,v,0,1,0,0,0,0
persecution,n,0,1,0,0,0,0
perseverance,n,1,0,0,0,0,0
persevere,v,1,0,0,0,0,0
persuasive,a,1,0,0,0,0,0
pertinent,a,1,0,0,0,0,0
perverse,a,0,1,0,0,0,0
pervert,n,0,1,0,0,0,0
pessimistic,a,0,1,0,0,0,0
pest,n,0,1,0,0,0,0
petty,a,0,1,0,0,0,0
picturesque,a,1,0,0,0,0,0
pigheaded,a,0,1,0,0,0,0
pigheadedness,n,0,1,0,0,0,0
pinch,v,0,1,0,0,0,0
pinnacle,n,1,0,0,0,0,0
pinprick,n,0,1,0,0,0,0
pious,a,1,0,0,0,0,0
pitiless,a,0,1,0,0,0,0
plausibility,n,1,0,0,0,0,0
playful,a,1,0,0,0,0,0
pleasing,a,1,0,0,0,0,0
pledge,v,1,0,0,0,0,0
plight,n,0,1,0,0,0,0
plod,v,0,1,0,0,0,0
plot,v,0,1,0,0,0,0
poetic,a,1,0,0,0,0,0
poignant,a,1,0,0,0,0,0
pointed,a,0,1,0,0,0,0
pointless,a,0,1,0,0,0,0
poisonous,a,0,1,0,0,0,0
poker-faced,a,0,0,1,0,0,0
politeness,n,1,0,0,0,0,0
pollute,v,0,1,0,0,0,0
pollution,n,0,1,0,0,0,0
pompous,a,0,1,0,0,0,0
pondering,a,0,0,1,0,0,0
poor,a,0,1,0,0,0,0
poorly,r,0,1,0,0,0,0
popularity,n,1,0,0,0,0,0
portable,a,1,0,0,0,0,0
positive,a,1,0,0,0,0,0
potency,n,1,0,0,0,0,0
potent,a,1,0,0,0,0,0
potomania,n,0,0,1,0,0,0
pound,v,0,1,0,0,0,0
poverty,n,0,1,0,0,0,0
powerfully,r,1,0,0,0,0,0
powerless,a,0,1,0,0,0,0
practicable,a,1,0,0,0,0,0
practical,a,1,0,0,0,0,0
praise,v,1,0,0,0,0,0
prance,v,1,0,0,0,0,0
precious,a,1,0,0,0,0,0
precipitate,v,0,1,0,0,0,0
predicament,n,0,1,0,0,0,0
preeminent,a,1,0,0,0,0,0
premium,a,1,0,0,0,0,0
preparatory,a,1,0,0,0,0,0
preposterous,a,0,1,0,0,0,0
prestige,n,1,0,0,0,0,0
presumptuous,a,0,1,0,0,0,0
pretend,v,0,1,0,0,0,0
pretense,n,0,1,0,0,0,0
pretentious,a,0,1,0,0,0,0
prettily,a,1,0,0,0,0,0
prettily,r,1,0,0,0,0,0
pretty,a,1,0,0,0,0,0
priceless,a,1,0,0,0,0,0
primarily,a,1,0,0,0,0,0
prime,a,1,0,0,0,0,0
privileged,a,1,0,0,0,0,0
privy,a,1,0,0,0,0,0
proactive,a,1,0,0,0,0,0
procrastinate,v,0,1,0,0,0,0
prodigious,a,1,0,0,0,0,0
productive,a,1,0,0,0,0,0
profess,v,1,0,0,0,0,0
proffer,v,1,0,0,0,0,0
proficient,a,1,0,0,0,0,0
profit,v,1,0,0,0,0,0
profitable,a,1,0,0,0,0,0
progress,n,1,0,0,0,0,0
progress,v,1,0,0,0,0,0
progressive,a,1,0,0,0,0,0
prohibit,v,0,1,0,0,0,0
prohibitive,a,0,1,0,0,0,0
prolific,a,1,0,0,0,0,0
prominence,n,1,0,0,0,0,0
prominent,a,1,0,0,0,0,0
promising,a,1,0,0,0,0,0
prompt,v,1,0,0,0,0,0
promptly,a,1,0,0,0,0,0
propitious,a,1,0,0,0,0,0
proprietary,a,1,0,0,0,0,0
prosecute,v,1,0,0,0,0,0
prosecution,n,0,1,0,0,0,0
prosper,v,1,0,0,0,0,0
prosperity,n,1,0,0,0,0,0
prosperous,a,1,0,0,0,0,0
protect,v,1,0,0,0,0,0
protection,n,1,0,0,0,0,0
protest,n,0,1,0,0,0,0
protest,v,0,1,0,0,0,0
providence,n,1,0,0,0,0,0
provocation,n,0,1,0,0,0,0
provoke,v,0,1,0,0,0,0
prowl,v,0,1,0,0,0,0
prudence,n,1,0,0,0,0,0
prudent,a,1,0,0,0,0,0
pry,v,0,1,0,0,0,0
punch,v,0,1,0,0,0,0
punctual,a,1,0,0,0,0,0
punish,v,0,1,0,0,0,0
purification,n,1,0,0,0,0,0
purify,v,1,0,0,0,0,0
purity,n,1,0,0,0,0,0
purposeful,a,1,0,0,0,0,0
purr,v,1,0,0,0,0,0
pussyfoot,v,0,0,1,0,0,0
qualified,a,1,0,0,0,0,0
qualify,v,1,0,0,0,0,0
quarrel,n,0,1,0,0,0,0
quarrel,v,0,1,0,0,0,0
quarrelsome,a,0,1,0,0,0,0
quench,v,1,0,0,0,0,0
questionable,a,0,1,0,0,0,0
quibble,v,0,1,0,0,0,0
quicken,v,1,0,0,0,0,0
quit,v,0,1,0,0,0,0
radiant,a,1,0,0,0,0,0
radiate,v,1,0,0,0,0,0
radical,a,0,1,0,0,0,0
raid,v,0,1,0,0,0,0
ramble,v,0,1,0,0,0,0
rampant,a,0,1,0,0,0,0
rapt,v,1,0,0,0,0,0
rapture,n,0,0,1,0,0,0
rapturous,a,0,0,1,0,0,0
rascal,n,0,1,0,0,0,0
rash,a,0,1,0,0,0,0
rat,n,0,1,0,0,0,0
ration,v,0,1,0,0,0,0
rational,a,1,0,0,0,0,0
rattle,v,0,1,0,0,0,0
rave,v,1,0,0,0,0,0
reap,v,1,0,0,0,0,0
reasonable,a,1,0,0,0,0,0
reassure,v,1,0,0,0,0,0
rebel,n,0,1,0,0,0,0
rebel,v,0,1,0,0,0,0
rebellion,n,0,1,0,0,0,0
rebellious,a,0,1,0,0,0,0
rebuke,v,0,1,0,0,0,0
rebut,v,0,1,0,0,0,0
recalcitrant,a,0,1,0,0,0,0
recede,v,0,1,0,0,0,0
receptive,a,1,0,0,0,0,0
reckless,a,0,1,0,0,0,0
recklessness,n,0,1,0,0,0,0
reclaim,v,1,0,0,0,0,0
recline,v,1,0,0,0,0,0
reconcile,v,1,0,0,0,0,0
redeem,v,1,0,0,0,0,0
redundancy,n,0,1,0,0,0,0
redundant,a,0,1,0,0,0,0
reestablish,v,1,0,0,0,0,0
refine,v,1,0,0,0,0,0
refinement,n,1,0,0,0,0,0
refrain,v,0,1,0,0,0,0
refusal,n,0,1,0,0,0,0
regal,a,1,0,0,0,0,0
regardless,a,0,1,0,0,0,0
regress,v,0,1,0,0,0,0
regression,n,0,1,0,0,0,0
reinstate,v,1,0,0,0,0,0
relapse,v,0,1,0,0,0,0
relevancy,n,1,0,0,0,0,0
reliability,n,1,0,0,0,0,0
reliable,a,1,0,0,0,0,0
reluctant,a,0,1,0,0,0,0
remarkable,a,1,0,0,0,0,0
remodel,v,1,0,0,0,0,0
renovate,v,1,0,0,0,0,0
renown,n,1,0,0,0,0,0
repair,v,1,0,0,0,0,0
repeal,v,0,1,0,0,0,0
reprehensible,a,0,1,0,0,0,0
reproach,v,0,1,0,0,0,0
repulse,v,0,1,0,0,0,0
reputable,a,1,0,0,0,0,0
rescue,n,1,0,0,0,0,0
rescue,v,1,0,0,0,0,0
resentment,a,0,1,0,0,0,0
resolute,a,1,0,0,0,0,0
resolve,v,1,0,0,0,0,0
resourceful,a,1,0,0,0,0,0
resourcefulness,n,1,0,0,0,0,0
respectable,a,1,0,0,0,0,0
respectful,a,1,0,0,0,0,0
resplendent,a,1,0,0,0,0,0
responsibility,n,1,0,0,0,0,0
responsible,a,1,0,0,0,0,0
restore,v,1,0,0,0,0,0
restrict,v,0,1,0,0,0,0
restricting,a,0,1,0,0,0,0
resurrect,v,1,0,0,0,0,0
retaliate,v,0,1,0,0,0,0
retard,v,0,1,0,0,0,0
retreat,v,0,1,0,0,0,0
reunite,v,1,0,0,0,0,0
revenge,n,0,1,0,0,0,0
revere,v,1,0,0,0,0,0
reverent,a,1,0,0,0,0,0
revert,v,0,1,0,0,0,0
revitalize,v,1,0,0,0,0,0
revive,v,1,0,0,0,0,0
revoke,v,0,1,0,0,0,0
revolution,n,0,1,0,0,0,0
reward,v,1,0,0,0,0,0
rewarding,a,1,0,0,0,0,0
rich,a,1,0,0,0,0,0
richly,r,1,0,0,0,0,0
rid,v,0,1,0,0,0,0
right,v,1,0,0,0,0,0
righteous,a,1,0,0,0,0,0
rightful,a,1,0,0,0,0,0
rigid,a,0,1,0,0,0,0
rigorous,a,0,1,0,0,0,0
rip,v,0,1,0,0,0,0
ripen,v,1,0,0,0,0,0
rival,n,0,1,0,0,0,0
rival,v,0,1,0,0,0,0
rivalry,n,0,1,0,0,0,0
robber,n,0,1,0,0,0,0
robbery,n,0,1,0,0,0,0
robust,a,1,0,0,0,0,0
rogue,n,0,1,0,0,0,0
rosy,a,1,0,0,0,0,0
rotten,a,0,1,0,0,0,0
roundabout,a,0,1,0,0,0,0
rude,a,0,1,0,0,0,0
ruffian,n,0,1,0,0,0,0
ruin,n,0,1,0,0,0,0
ruin,v,0,1,0,0,0,0
ruined,a,0,1,0,0,0,0
ruinous,a,0,1,0,0,0,0
rumple,v,0,1,0,0,0,0
rusty,a,0,1,0,0,0,0
ruthless,a,0,1,0,0,0,0
ruthlessness,n,0,1,0,0,0,0
sabotage,v,0,1,0,0,0,0
sacred,a,1,0,0,0,0,0
safe,a,1,0,0,0,0,0
safeguard,v,1,0,0,0,0,0
safely,r,1,0,0,0,0,0
safety,n,1,0,0,0,0,0
sag,v,0,1,0,0,0,0
sage,a,1,0,0,0,0,0
salutary,a,1,0,0,0,0,0
salute,v,1,0,0,0,0,0
salvation,n,1,0,0,0,0,0
sanctify,v,1,0,0,0,0,0
sanitary,a,1,0,0,0,0,0
sarcasm,n,0,1,0,0,0,0
sarcastic,a,0,1,0,0,0,0
satisfactorily,a,1,0,0,0,0,0
satisfying,a,1,0,0,0,0,0
scald,v,0,1,0,0,0,0
scamper,v,1,0,0,0,0,0
scandalous,a,0,1,0,0,0,0
scheme,v,0,1,0,0,0,0
schmaltzy,a,0,1,0,0,0,0
schmalzy,a,0,1,0,0,0,0
scoff,v,0,1,0,0,0,0
scold,n,0,1,0,0,0,0
scold,v,0,1,0,0,0,0
scorch,v,0,1,0,0,0,0
scoundrel,n,0,1,0,0,0,0
scowl,v,0,1,0,0,0,0
scrape,v,0,1,0,0,0,0
screak,v,0,1,0,0,0,0
screaky,a,0,1,0,0,0,0
scream,n,0,1,0,0,0,0
scream,v,0,1,0,0,0,0
screaming,n,0,1,0,0,0,0
screaming,a,0,1,0,0,0,0
screech,n,0,1,0,0,0,0
screech,v,0,1,0,0,0,0
screeching,n,0,1,0,0,0,0
screechy,a,0,1,0,0,0,0
screw,v,0,1,0,0,0,0
scrupulous,a,1,0,0,0,0,0
scrutinize,v,0,1,0,0,0,0
scuffle,n,0,1,0,0,0,0
scum,n,0,1,0,0,0,0
scupper,v,0,1,0,0,0,0
secede,v,0,1,0,0,0,0
secrecy,n,0,0,1,0,0,0
secret,a,0,0,0,1,0,0
secure,a,1,0,0,0,0,0
securely,r,1,0,0,0,0,0
sedate,a,1,0,0,0,0,0
sedative,a,1,0,0,0,0,0
sedentary,a,0,1,0,0,0,0
seethe,v,0,1,0,0,0,0
segregation,n,0,1,0,0,0,0
seize,v,0,1,0,0,0,0
selective,a,1,0,0,0,0,0
self-contained,a,1,0,0,0,0,0
selfish,a,0,1,0,0,0,0
selfishness,a,0,1,0,0,0,0
senile,a,0,1,0,0,0,0
sensational,a,1,0,0,0,0,0
senseless,a,0,1,0,0,0,0
sensible,a,1,0,0,0,0,0
sequester,v,0,1,0,0,0,0
severity,n,0,1,0,0,0,0
shabby,a,0,1,0,0,0,0
shadow,v,0,1,0,0,0,0
shady,a,0,1,0,0,0,0
shaggy,a,0,1,0,0,0,0
shameless,a,0,1,0,0,0,0
shell,v,0,1,0,0,0,0
shelter,v,1,0,0,0,0,0
shield,v,1,0,0,0,0,0
shirk,v,0,1,0,0,0,0
shoddy,a,0,1,0,0,0,0
shortcoming,n,0,1,0,0,0,0
shortsighted,a,0,1,0,0,0,0
shout,v,0,0,0,0,0,0
shouting,n,0,0,1,0,0,0
shove,v,0,1,0,0,0,0
shred,v,0,1,0,0,0,0
shrew,n,0,1,0,0,0,0
shrewdness,n,1,0,0,0,0,0
shrill,a,0,1,0,0,0,0
shrivel,v,0,1,0,0,0,0
shrug,v,0,1,0,0,0,0
sickly,a,0,1,0,0,0,0
sickness,n,0,1,0,0,0,0
sidesplitter,n,0,0,1,0,0,0
sidestep,v,0,0,1,0,0,0
siege,n,0,1,0,0,0,0
significance,n,1,0,0,0,0,0
significant,a,1,0,0,0,0,0
signify,v,1,0,0,0,0,0
silly,a,0,0,1,0,0,0
simplicity,n,1,0,0,0,0,0
simplify,v,1,0,0,0,0,0
simplistic,a,0,1,0,0,0,0
sin,n,0,1,0,0,0,0
sin,v,0,1,0,0,0,0
sincerity,n,1,0,0,0,0,0
sinful,a,0,1,0,0,0,0
single-minded,a,0,1,0,0,0,0
single-mindedness,n,0,1,0,0,0,0
sketchy,a,0,1,0,0,0,0
skilled,a,1,0,0,0,0,0
skillful,a,1,0,0,0,0,0
skirmish,n,0,1,0,0,0,0
skulk,v,0,1,0,0,0,0
slander,v,0,1,0,0,0,0
slanderer,n,0,1,0,0,0,0
slanderous,a,0,1,0,0,0,0
slap,v,0,1,0,0,0,0
slayer,n,0,1,0,0,0,0
sleazy,a,0,1,0,0,0,0
sleek,a,1,0,0,0,0,0
sleepless,a,0,1,0,0,0,0
sloppy,a,0,1,0,0,0,0
sloth,n,0,1,0,0,0,0
slothful,a,0,1,0,0,0,0
slug,n,0,1,0,0,0,0
sluggish,a,0,1,0,0,0,0
sly,a,0,1,0,0,0,0
smart,a,1,0,0,0,0,0
smash,v,0,1,0,0,0,0
smear,v,0,1,0,0,0,0
smother,v,0,1,0,0,0,0
smuggle,v,0,1,0,0,0,0
snarl,v,0,1,0,0,0,0
snatch,v,0,1,0,0,0,0
sneer,v,0,1,0,0,0,0
sober,a,1,0,0,0,0,0
sociable,a,1,0,0,0,0,0
softness,n,1,0,0,0,0,0
sophisticated,a,1,0,0,0,0,0
sore,a,0,1,0,0,0,0
sought,v,1,0,0,0,0,0
sounder,a,1,0,0,0,0,0
soundness,n,1,0,0,0,0,0
sour,a,0,1,0,0,0,0
spank,v,0,1,0,0,0,0
sparkle,v,1,0,0,0,0,0
spear,v,0,1,0,0,0,0
speculative,a,0,0,1,0,0,0
speedily,a,1,0,0,0,0,0
speedily,r,1,0,0,0,0,0
spirited,a,0,0,0,0,0,0
splendor,n,1,0,0,0,0,0
splitting,a,0,1,0,0,0,0
spotless,a,1,0,0,0,0,0
sprightly,a,1,0,0,0,0,0
sputter,v,0,1,0,0,0,0
squander,v,0,1,0,0,0,0
stab,v,0,1,0,0,0,0
stability,n,1,0,0,0,0,0
stabilize,v,1,0,0,0,0,0
stable,a,1,0,0,0,0,0
stagnant,a,0,1,0,0,0,0
stale,a,0,1,0,0,0,0
stamp,v,0,1,0,0,0,0
standardize,v,1,0,0,0,0,0
startle,v,0,1,0,0,0,0
starve,v,0,0,1,0,0,0
statuesque,a,1,0,0,0,0,0
staunch,a,1,0,0,0,0,0
steadfast,a,1,0,0,0,0,0
steadfastness,n,1,0,0,0,0,0
steadily,r,1,0,0,0,0,0
steadiness,n,1,0,0,0,0,0
steal,n,0,1,0,0,0,0
steal,v,0,1,0,0,0,0
stern,a,0,1,0,0,0,0
stiffly,r,0,1,0,0,0,0
stiffness,n,0,0,1,0,0,0
stifle,v,0,1,0,0,0,0
stigma,n,0,1,0,0,0,0
stink,v,0,1,0,0,0,0
stolen,a,0,1,0,0,0,0
stormy,a,0,1,0,0,0,0
straggle,v,0,1,0,0,0,0
straightforward,a,1,0,0,0,0,0
strangle,v,0,1,0,0,0,0
stray,v,0,1,0,0,0,0
stress,v,0,1,0,0,0,0
stricken,a,0,1,0,0,0,0
stricter,a,0,1,0,0,0,0
strictly,r,0,1,0,0,0,0
strife,n,0,1,0,0,0,0
stringent,a,0,1,0,0,0,0
struggle,n,0,1,0,0,0,0
strut,v,1,0,0,0,0,0
stubbornly,a,0,1,0,0,0,0
studied,a,0,1,0,0,0,0
studious,a,1,0,0,0,0,0
stupendous,a,1,0,0,0,0,0
stupider,a,0,1,0,0,0,0
stupidity,n,0,1,0,0,0,0
stupidly,r,0,1,0,0,0,0
stylish,a,1,0,0,0,0,0
suave,a,1,0,0,0,0,0
submissive,a,0,1,0,0,0,0
subside,v,0,1,0,0,0,0
subsidize,v,1,0,0,0,0,0
subsist,v,1,0,0,0,0,0
substantiate,v,1,0,0,0,0,0
subvert,v,0,1,0,0,0,0
succeed,v,1,0,0,0,0,0
successful,a,1,0,0,0,0,0
succumb,v,0,1,0,0,0,0
sufficient,a,1,0,0,0,0,0
suffocate,v,0,1,0,0,0,0
suit,v,1,0,0,0,0,0
suitable,a,1,0,0,0,0,0
suited,a,1,0,0,0,0,0
sumptuous,a,1,0,0,0,0,0
sunder,v,0,1,0,0,0,0
superficial,a,0,1,0,0,0,0
superficiality,n,0,1,0,0,0,0
superfluous,a,0,1,0,0,0,0
superiority,n,1,0,0,0,0,0
superlative,a,1,0,0,0,0,0
superstition,n,0,1,0,0,0,0
superstitious,a,0,1,0,0,0,0
support,v,1,0,0,0,0,0
supported,a,1,0,0,0,0,0
supporting,n,1,0,0,0,0,0
supportive,a,1,0,0,0,0,0
suppression,n,0,1,0,0,0,0
supremely,r,1,0,0,0,0,0
surmount,v,1,0,0,0,0,0
surpass,v,1,0,0,0,0,0
survive,v,1,0,0,0,0,0
susceptible,a,0,1,0,0,0,0
suspect,n,0,1,0,0,0,0
suspend,v,0,1,0,0,0,0
sweeten,v,1,0,0,0,0,0
sweetly,r,1,0,0,0,0,0
swollen,a,0,0,1,0,0,0
swollen-headed,a,0,0,1,0,0,0
swore,v,0,1,0,0,0,0
symbolize,v,1,0,0,0,0,0
symmetry,n,1,0,0,0,0,0
symptom,n,0,1,0,0,0,0
taboo,a,0,1,0,0,0,0
taboo,n,0,0,1,0,0,0
taboo,v,0,0,1,0,0,0
tabu,n,0,0,1,0,0,0
tact,n,1,0,0,0,0,0
taint,v,0,1,0,0,0,0
talent,n,1,0,0,0,0,0
talented,a,1,0,0,0,0,0
tamper,v,0,1,0,0,0,0
tantrum,n,0,1,0,0,0,0
tardy,a,0,1,0,0,0,0
taste,n,1,0,0,0,0,0
tatter,v,0,1,0,0,0,0
taunt,n,0,1,0,0,0,0
tax,v,0,1,0,0,0,0
tear,v,0,1,0,0,0,0
temperate,a,1,0,0,0,0,0
tempest,n,0,1,0,0,0,0
temporarily,a,0,1,0,0,0,0
terrific,a,1,0,0,0,0,0
terrorism,n,0,1,0,0,0,0
terrorist,a,0,1,0,0,0,0
theft,n,0,1,0,0,0,0
therapeutic,a,1,0,0,0,0,0
thief,n,0,1,0,0,0,0
thin-skinned,a,0,1,0,0,0,0
thirst,v,0,0,1,0,0,0
thirsty,a,0,1,0,0,0,0
thorny,a,0,1,0,0,0,0
thorough,a,1,0,0,0,0,0
thoughtful,a,1,0,0,0,0,0
thoughtfulness,n,1,0,0,0,0,0
thoughtless,a,0,1,0,0,0,0
thoughtlessness,n,0,1,0,0,0,0
threat,n,0,1,0,0,0,0
thrift,n,1,0,0,0,0,0
thrifty,a,1,0,0,0,0,0
thrill,n,1,0,0,0,0,0
tired,a,0,1,0,0,0,0
toil,v,0,1,0,0,0,0
tolerant,a,1,0,0,0,0,0
tolerate,v,1,0,0,0,0,0
toleration,n,1,0,0,0,0,0
topmost,a,1,0,0,0,0,0
topple,v,0,1,0,0,0,0
trained,a,1,0,0,0,0,0
traitor,n,0,1,0,0,0,0
trample,v,0,1,0,0,0,0
transgress,v,0,1,0,0,0,0
trap,v,0,1,0,0,0,0
trashy,a,0,1,0,0,0,0
treacherous,a,0,1,0,0,0,0
treachery,n,0,1,0,0,0,0
treason,n,0,1,0,0,0,0
treasonous,a,0,1,0,0,0,0
treasure,n,1,0,0,0,0,0
treasure,v,1,0,0,0,0,0
treat,n,1,0,0,0,0,0
tremendous,a,1,0,0,0,0,0
trespass,v,0,1,0,0,0,0
trick,v,0,1,0,0,0,0
trivial,a,0,1,0,0,0,0
trouble,n,0,1,0,0,0,0
troublesome,a,0,1,0,0,0,0
truant,a,0,1,0,0,0,0
trudge,v,0,1,0,0,0,0
truly,r,1,0,0,0,0,0
trusted,a,1,0,0,0,0,0
trustworthiness,n,1,0,0,0,0,0
truth,n,1,0,0,0,0,0
truthful,a,1,0,0,0,0,0
turmoil,n,0,1,0,0,0,0
twitch,v,0,1,0,0,0,0
tyranny,n,0,1,0,0,0,0
ugly,a,0,1,0,0,0,0
ultimatum,n,0,1,0,0,0,0
unaccustomed,a,0,1,0,0,0,0
unattractive,a,0,1,0,0,0,0
unauthentic,a,0,1,0,0,0,0
unbalanced,a,0,1,0,0,0,0
unbelievable,a,0,1,0,0,0,0
unbend,v,0,1,0,0,0,0
unbendable,a,0,1,0,0,0,0
unbiased,a,1,0,0,0,0,0
unbiassed,a,1,0,0,0,0,0
unbound,a,1,0,0,0,0,0
unbroken,a,1,0,0,0,0,0
uncivil,a,0,1,0,0,0,0
uncivilised,a,0,1,0,0,0,0
uncivilized,a,0,1,0,0,0,0
unclean,a,0,1,0,0,0,0
uncouth,a,0,1,0,0,0,0
undependability,n,0,1,0,0,0,0
undependable,a,0,1,0,0,0,0
undermine,v,0,1,0,0,0,0
understandable,a,1,0,0,0,0,0
understood,v,1,0,0,0,0,0
undesirable,a,0,1,0,0,0,0
undignified,a,0,1,0,0,0,0
undoubted,a,1,0,0,0,0,0
uneconomical,a,0,1,0,0,0,0
unemployed,a,0,1,0,0,0,0
uneven,a,0,1,0,0,0,0
unexpectedly,r,0,1,0,0,0,0
unfair,a,0,1,0,0,0,0
unfaithful,a,0,1,0,0,0,0
unfamiliar,a,0,1,0,0,0,0
unfavorable,a,0,1,0,0,0,0
unfeeling,a,0,1,0,0,0,0
unforeseen,a,0,1,0,0,0,0
unforgettable,a,1,0,0,0,0,0
unfortunately,r,0,1,0,0,0,0
ungrateful,a,0,1,0,0,0,0
unguarded,a,0,1,0,0,0,0
unhealthy,a,0,1,0,0,0,0
unhurried,a,1,0,0,0,0,0
unimpeachable,a,1,0,0,0,0,0
unimportant,a,0,1,0,0,0,0
uninformed,a,0,1,0,0,0,0
unity,n,1,0,0,0,0,0
unjust,a,0,1,0,0,0,0
unjustified,a,0,1,0,0,0,0
unkind,a,0,1,0,0,0,0
unlawful,a,0,1,0,0,0,0
unlimited,a,1,0,0,0,0,0
unmoved,a,0,1,0,0,0,0
unnatural,a,0,1,0,0,0,0
unnecessary,a,0,1,0,0,0,0
unnoticed,a,0,1,0,0,0,0
unobserved,a,0,1,0,0,0,0
unpleasant,a,0,1,0,0,0,0
unpopular,a,0,1,0,0,0,0
unprofitable,a,0,1,0,0,0,0
unqualified,a,0,1,0,0,0,0
unreasonable,a,0,1,0,0,0,0
unreliability,n,0,1,0,0,0,0
unreliable,a,0,1,0,0,0,0
unrest,n,0,1,0,0,0,0
unruly,a,0,1,0,0,0,0
unsatisfactory,a,0,1,0,0,0,0
unscrupulous,a,0,1,0,0,0,0
unselfish,a,1,0,0,0,0,0
unsound,a,0,1,0,0,0,0
unstable,a,0,1,0,0,0,0
unsteadiness,n,0,1,0,0,0,0
unsuccessful,a,0,1,0,0,0,0
untimely,a,0,1,0,0,0,0
untouched,a,1,0,0,0,0,0
untrained,a,0,1,0,0,0,0
untrustworthy,a,0,1,0,0,0,0
untruth,a,0,1,0,0,0,0
unwilling,a,0,1,0,0,0,0
unwillingness,n,0,1,0,0,0,0
unworthy,a,0,1,0,0,0,0
upfront,a,1,0,0,0,0,0
upgrade,v,0.5,0,0,0,0,0
uprising,n,0,1,0,0,0,0
uproot,v,0,1,0,0,0,0
usable,a,1,0,0,0,0,0
useful,a,1,0,0,0,0,0
usefulness,n,1,0,0,0,0,0
useless,a,0,1,0,0,0,0
usurp,v,0,1,0,0,0,0
utilitarian,a,1,0,0,0,0,0
utilize,v,1,0,0,0,0,0
uttermost,a,1,0,0,0,0,0
valiant,a,1,0,0,0,0,0
validity,n,1,0,0,0,0,0
valor,n,1,0,0,0,0,0
valuable,a,1,0,0,0,0,0
valued,a,1,0,0,0,0,0
vanish,v,0,1,0,0,0,0
vehement,a,0,1,0,0,0,0
venerable,a,1,0,0,0,0,0
venerate,v,1,0,0,0,0,0
vengeance,n,0,1,0,0,0,0
venom,n,0,1,0,0,0,0
verify,v,1,0,0,0,0,0
veritable,a,1,0,0,0,0,0
versatile,a,1,0,0,0,0,0
versatility,n,1,0,0,0,0,0
vexing,a,0,1,0,0,0,0
viability,n,1,0,0,0,0,0
viable,a,1,0,0,0,0,0
victorious,a,1,0,0,0,0,0
vie,v,0,1,0,0,0,0
villain,n,0,1,0,0,0,0
violate,v,0,1,0,0,0,0
violation,n,0,1,0,0,0,0
viper,n,0,1,0,0,0,0
virtue,n,1,0,0,0,0,0
virtuous,a,1,0,0,0,0,0
vitality,n,1,0,0,0,0,0
vivacious,a,1,0,0,0,0,0
volatile,a,0,1,0,0,0,0
voluntary,a,1,0,0,0,0,0
vouchsafe,v,1,0,0,0,0,0
vulgar,a,0,1,0,0,0,0
wane,v,0,1,0,0,0,0
wanton,a,0,1,0,0,0,0
warlike,a,0,1,0,0,0,0
warmer,a,1,0,0,0,0,0
warmest,a,1,0,0,0,0,0
warmly,r,1,0,0,0,0,0
warmth,n,1,0,0,0,0,0
warp,v,0,1,0,0,0,0
waste,n,0,1,0,0,0,0
wasteful,a,0,1,0,0,0,0
wastefulness,n,0,1,0,0,0,0
wayward,a,0,1,0,0,0,0
weaken,v,0,1,0,0,0,0
wee,a,0,1,0,0,0,0
weed,n,0,1,0,0,0,0
weird,a,0,1,0,0,0,0
welcome,v,1,0,0,0,0,0
wench,n,0,1,0,0,0,0
whack,v,0,1,0,0,0,0
wholesome,a,1,0,0,0,0,0
wicked,a,0,1,0,0,0,0
wickedness,n,0,1,0,0,0,0
wilder,a,0,1,0,0,0,0
wildest,a,0,1,0,0,0,0
wildly,r,0,1,0,0,0,0
willful,a,1,0,0,0,0,0
willpower,n,1,0,0,0,0,0
wilt,v,0,1,0,0,0,0
wily,a,0,1,0,0,0,0
wisdom,n,1,0,0,0,0,0
wisely,r,1,0,0,0,0,0
wiser,a,1,0,0,0,0,0
wisest,a,1,0,0,0,0,0
witchcraft,n,0,1,0,0,0,0
withheld,v,0,1,0,0,0,0
withhold,v,0,1,0,0,0,0
witty,a,1,0,0,0,0,0
wonderful,a,1,0,0,0,0,0
wondrous,a,1,0,0,0,0,0
workable,a,1,0,0,0,0,0
workmanship,n,1,0,0,0,0,0
world-famous,a,1,0,0,0,0,0
worsen,v,0,1,0,0,0,0
worthiness,a,1,0,0,0,0,0
worthless,a,0,1,0,0,0,0
wounded,a,0,1,0,0,0,0
wreck,v,0,1,0,0,0,0
wrestle,v,0,1,0,0,0,0
wretch,v,0,1,0,0,0,0
wrong,v,0,1,0,0,0,0
wrongful,a,0,1,0,0,0,0
wrongly,r,0,1,0,0,0,0
wrought,a,0,1,0,0,0,0
yawn,v,0,1,0,0,0,0
yelp,v,0,1,0,0,0,0
unassuming,a,1,0,0,0,0,0
buzz,v,1,0,0,0,0,0
myriad,n,0,0,1,0,0,0
intuitive,a,1,0,0,0,0,0
dexterous,a,1,0,0,0,0,0
numerous,a,0,0,1,0,0,0
pivotal,a,1,0,0,0,0,0
seamless,a,1,0,0,0,0,0
realistic,a,1,0,0,0,0,0
renowned,a,1,0,0,0,0,0
hand-selected,a,0,0,1,0,0,0
popular,a,1,0,0,0,0,0
up-and-coming,a,1,0,0,0,0,0
rife,a,1,0,0,0,0,0
deserving,a,1,0,0,0,0,0
consummate,a,1,0,0,0,0,0
trendy,a,1,0,0,0,0,0
savvy,a,1,0,0,0,0,0
savvy,n,1,0,0,0,0,0
perfect,a,1,0,0,0,0,0
promptly,r,1,0,0,0,0,0
healthy,a,1,0,0,0,0,0
hurriedly,r,0,0,1,0,0,0
huge,a,0,0,1,0,0,0
dramatic,a,0,0,1,0,0,0
interestingly,r,0,0,1,0,0,0
contentious,a,0,1,0,0,0,0
better,r,1,0,0,0,0,0
savagely,r,0,1,0,0,0,0
legitimate,a,1,0,0,0,0,0
game-changer,n,1,0,0,0,0,0
slight,a,0,0,1,0,0,0
freaking,a,0,0,1,0,0,0
gaunt,a,0,0,1,0,0,0
penalize,v,0,1,0,0,0,0
favorite,a,1,0,0,0,0,0
fascinating,a,1,0,0,0,0,0
hero,n,1,0,0,0,0,0
problem,n,0,1,0,0,0,0
problematic,a,0,1,0,0,0,0
unrealistic,a,0,1,0,0,0,0
slow,a,0,0,0,0,0.5,0
fast,a,0,0,0,0,0.5,0
different,a,0,0,0,0,0.5,0
airheaded,a,0,1,0,0,0,0
blithe,a,0,0,0,1,0,0
blithesome,a,0,0,0,1,0,0
dizzy,a,0,0,0,1,0,0
empty-headed,a,0,1,0,0,0,0
featherbrained,a,0,1,0,0,0,0
quickly,r,0,0,0,0,0.5,0
quick,a,0,0,0,0,0.5,0
low,a,0,0,0,0,0.5,0
appreciate,v,0,0,0,0,0,1
whopping,a,1,0,0,0,0,0
fancy,a,0,0,0,1,0,0
sustainable,a,0,0,1,0,0,0
likely,a,0,0,1,0,0,0
massive,a,0,0,0,1,0,0
